source,target,weight
HC_A,IT_ADI,1
HC_A,IT_LRCX,1
HC_A,IT_TER,1
HC_A,IT_TXN,1
HC_ABT,HC_JNJ,1
FIN_ACGL,FIN_CINF,1
FIN_ACGL,FIN_EG,1
FIN_ACGL,FIN_TRV,1
FIN_ACGL,FIN_WRB,1
IT_ADBE,IT_ADI,1
IT_ADBE,IT_AMAT,1
IT_ADBE,IT_ADSK,1
IT_ADBE,IT_CSCO,1
IT_ADBE,IT_KLAC,1
IT_ADBE,IT_MSFT,1
IT_ADI,IT_AMAT,1
IT_ADI,IT_AMD,1
IT_ADI,IT_APH,1
IT_ADI,IT_CSCO,1
IT_ADI,IT_INTC,1
IT_ADI,IT_JBL,1
IT_ADI,IT_KLAC,1
IT_ADI,IT_LRCX,1
IT_ADI,IT_MCHP,1
IT_ADI,IT_MU,1
IT_ADI,IT_NTAP,1
IT_ADI,IT_NVDA,1
IT_ADI,IT_QCOM,1
IT_ADI,IT_SWKS,1
IT_ADI,IT_TER,1
IT_ADI,IT_TXN,1
UTL_AEE,UTL_AEP,1
UTL_AEE,UTL_ATO,1
UTL_AEE,UTL_LNT,1
UTL_AEE,UTL_CNP,1
UTL_AEE,UTL_CMS,1
UTL_AEE,UTL_ED,1
UTL_AEE,UTL_D,1
UTL_AEE,UTL_DTE,1
UTL_AEE,UTL_DUK,1
UTL_AEE,UTL_EIX,1
UTL_AEE,UTL_ES,1
UTL_AEE,UTL_ETR,1
UTL_AEE,UTL_EVRG,1
UTL_AEE,UTL_EXC,1
UTL_AEE,UTL_FE,1
UTL_AEE,UTL_NEE,1
UTL_AEE,UTL_NI,1
UTL_AEE,UTL_PEG,1
UTL_AEE,UTL_PNW,1
UTL_AEE,UTL_PPL,1
UTL_AEE,UTL_SO,1
UTL_AEE,UTL_SRE,1
UTL_AEE,UTL_WEC,1
UTL_AEE,UTL_XEL,1
UTL_AEP,UTL_ATO,1
UTL_AEP,UTL_LNT,1
UTL_AEP,UTL_CNP,1
UTL_AEP,UTL_CMS,1
UTL_AEP,UTL_ED,1
UTL_AEP,UTL_D,1
UTL_AEP,UTL_DTE,1
UTL_AEP,UTL_DUK,1
UTL_AEP,UTL_ES,1
UTL_AEP,UTL_ETR,1
UTL_AEP,UTL_EVRG,1
UTL_AEP,UTL_EXC,1
UTL_AEP,UTL_FE,1
UTL_AEP,UTL_NEE,1
UTL_AEP,UTL_NI,1
UTL_AEP,UTL_PEG,1
UTL_AEP,UTL_PNW,1
UTL_AEP,UTL_PPL,1
UTL_AEP,UTL_SO,1
UTL_AEP,UTL_SRE,1
UTL_AEP,UTL_WEC,1
UTL_AEP,UTL_XEL,1
FIN_AFL,FIN_ALL,1
FIN_AFL,FIN_AXP,1
FIN_AFL,RE_AVB,1
FIN_AFL,FIN_BAC,1
FIN_AFL,FIN_BK,1
FIN_AFL,RE_BXP,1
FIN_AFL,FIN_COF,1
FIN_AFL,FIN_C,1
FIN_AFL,FIN_CB,1
FIN_AFL,FIN_CINF,1
FIN_AFL,IND_DOV,1
FIN_AFL,IND_EMR,1
FIN_AFL,RE_EQR,1
FIN_AFL,FIN_FITB,1
FIN_AFL,RE_FRT,1
FIN_AFL,FIN_BEN,1
FIN_AFL,FIN_GL,1
FIN_AFL,FIN_GS,1
FIN_AFL,FIN_HBAN,1
FIN_AFL,FIN_HIG,1
FIN_AFL,RE_HST,1
FIN_AFL,IND_ITW,1
FIN_AFL,FIN_IVZ,1
FIN_AFL,FIN_JPM,1
FIN_AFL,FIN_KEY,1
FIN_AFL,RE_KIM,1
FIN_AFL,FIN_L,1
FIN_AFL,FIN_MTB,1
FIN_AFL,RE_MAA,1
FIN_AFL,FIN_MS,1
FIN_AFL,FIN_NTRS,1
FIN_AFL,FIN_PGR,1
FIN_AFL,IND_PH,1
FIN_AFL,RE_PLD,1
FIN_AFL,FIN_PNC,1
FIN_AFL,RE_REG,1
FIN_AFL,FIN_RF,1
FIN_AFL,FIN_RJF,1
FIN_AFL,RE_SPG,1
FIN_AFL,FIN_TROW,1
FIN_AFL,IND_TXT,1
FIN_AFL,FIN_TFC,1
FIN_AFL,FIN_TRV,1
FIN_AFL,RE_UDR,1
FIN_AFL,FIN_USB,1
FIN_AFL,FIN_WFC,1
FIN_AJG,FIN_AON,1
FIN_AJG,FIN_BRO,1
FIN_AJG,FIN_MRSH,1
MAT_ALB,IND_CAT,1
MAT_ALB,MAT_DD,1
MAT_ALB,IND_DOV,1
MAT_ALB,IND_PH,1
MAT_ALB,MAT_PPG,1
FIN_ALL,FIN_AXP,1
FIN_ALL,FIN_BAC,1
FIN_ALL,FIN_BK,1
FIN_ALL,FIN_BRK-B,1
FIN_ALL,FIN_COF,1
FIN_ALL,FIN_C,1
FIN_ALL,FIN_CB,1
FIN_ALL,FIN_CINF,1
FIN_ALL,FIN_EG,1
FIN_ALL,FIN_BEN,1
FIN_ALL,FIN_GL,1
FIN_ALL,FIN_GS,1
FIN_ALL,FIN_HIG,1
FIN_ALL,FIN_JPM,1
FIN_ALL,FIN_KEY,1
FIN_ALL,FIN_L,1
FIN_ALL,FIN_MTB,1
FIN_ALL,FIN_MS,1
FIN_ALL,FIN_NTRS,1
FIN_ALL,FIN_PGR,1
FIN_ALL,RE_PLD,1
FIN_ALL,FIN_PNC,1
FIN_ALL,FIN_RJF,1
FIN_ALL,FIN_TROW,1
FIN_ALL,FIN_TFC,1
FIN_ALL,FIN_TRV,1
FIN_ALL,FIN_USB,1
FIN_ALL,FIN_WFC,1
FIN_ALL,FIN_WRB,1
IT_AMAT,IT_AMD,1
IT_AMAT,IT_APH,1
IT_AMAT,IT_CSCO,1
IT_AMAT,IT_INTC,1
IT_AMAT,IT_JBL,1
IT_AMAT,IT_KLAC,1
IT_AMAT,IT_LRCX,1
IT_AMAT,IT_MCHP,1
IT_AMAT,IT_MSFT,1
IT_AMAT,IT_MU,1
IT_AMAT,IT_NTAP,1
IT_AMAT,IT_NVDA,1
IT_AMAT,IT_QCOM,1
IT_AMAT,IT_SWKS,1
IT_AMAT,IT_TER,1
IT_AMAT,IT_TXN,1
IT_AMD,IT_KLAC,1
IT_AMD,IT_LRCX,1
IT_AMD,IT_MU,1
IT_AMD,IT_TER,1
IT_AMD,IT_TXN,1
IND_AME,MAT_APD,1
IND_AME,IT_APH,1
IND_AME,FIN_AXP,1
IND_AME,IND_MMM,1
IND_AME,MAT_AVY,1
IND_AME,FIN_BK,1
IND_AME,IND_CAT,1
IND_AME,IND_CMI,1
IND_AME,IND_CSX,1
IND_AME,IND_DE,1
IND_AME,MAT_DD,1
IND_AME,IND_DOV,1
IND_AME,MAT_ECL,1
IND_AME,IND_EME,1
IND_AME,IND_EMR,1
IND_AME,IND_ETN,1
IND_AME,FIN_BEN,1
IND_AME,CD_GPC,1
IND_AME,IND_HON,1
IND_AME,IND_HUBB,1
IND_AME,IND_IEX,1
IND_AME,IND_ITW,1
IND_AME,FIN_IVZ,1
IND_AME,IND_J,1
IND_AME,FIN_JPM,1
IND_AME,FIN_L,1
IND_AME,MAT_LIN,1
IND_AME,FIN_MS,1
IND_AME,IND_NDSN,1
IND_AME,IND_NSC,1
IND_AME,FIN_NTRS,1
IND_AME,MAT_NUE,1
IND_AME,IND_PCAR,1
IND_AME,IND_PH,1
IND_AME,IND_PNR,1
IND_AME,MAT_PPG,1
IND_AME,FIN_RJF,1
IND_AME,IND_ROK,1
IND_AME,IND_RTX,1
IND_AME,IT_ROP,1
IND_AME,IND_SNA,1
IND_AME,IND_SWK,1
IND_AME,FIN_TROW,1
IND_AME,IND_TT,1
IND_AME,IND_TXT,1
IND_AME,IND_GWW,1
IND_AME,IND_UNP,1
IND_AME,RE_WY,1
RE_AMT,RE_CCI,1
RE_AMT,RE_SBAC,1
FIN_AON,FIN_MRSH,1
IND_AOS,IND_DOV,1
IND_AOS,IND_ITW,1
ENE_APA,ENE_BKR,1
ENE_APA,ENE_COP,1
ENE_APA,ENE_CTRA,1
ENE_APA,ENE_CVX,1
ENE_APA,ENE_DVN,1
ENE_APA,ENE_EOG,1
ENE_APA,ENE_XOM,1
ENE_APA,ENE_HAL,1
ENE_APA,ENE_OXY,1
ENE_APA,ENE_OKE,1
ENE_APA,ENE_SLB,1
ENE_APA,ENE_VLO,1
MAT_APD,FIN_AXP,1
MAT_APD,IND_MMM,1
MAT_APD,MAT_AVY,1
MAT_APD,IND_CAT,1
MAT_APD,IND_CMI,1
MAT_APD,IND_CSX,1
MAT_APD,IND_DE,1
MAT_APD,MAT_DD,1
MAT_APD,IND_DOV,1
MAT_APD,MAT_ECL,1
MAT_APD,IND_EMR,1
MAT_APD,IND_ETN,1
MAT_APD,FIN_BEN,1
MAT_APD,IND_HON,1
MAT_APD,IND_IEX,1
MAT_APD,IND_ITW,1
MAT_APD,MAT_IP,1
MAT_APD,FIN_IVZ,1
MAT_APD,IND_J,1
MAT_APD,FIN_L,1
MAT_APD,MAT_LIN,1
MAT_APD,FIN_NTRS,1
MAT_APD,MAT_NUE,1
MAT_APD,IND_PCAR,1
MAT_APD,IND_PH,1
MAT_APD,MAT_PPG,1
MAT_APD,IND_ROK,1
MAT_APD,IND_RTX,1
MAT_APD,IT_ROP,1
MAT_APD,IND_SNA,1
MAT_APD,IND_SWK,1
MAT_APD,FIN_TROW,1
MAT_APD,IND_TT,1
MAT_APD,IND_UNP,1
MAT_APD,RE_WY,1
IT_APH,IND_DOV,1
IT_APH,IND_EMR,1
IT_APH,IND_ETN,1
IT_APH,IT_JBL,1
IT_APH,IT_KLAC,1
IT_APH,IT_LRCX,1
IT_APH,IT_MCHP,1
IT_APH,IND_PH,1
IT_APH,IT_TER,1
IT_APH,FIN_TROW,1
IT_APH,IND_TT,1
IT_APH,IT_TXN,1
RE_ARE,FIN_AXP,1
RE_ARE,RE_AVB,1
RE_ARE,FIN_BAC,1
RE_ARE,RE_BXP,1
RE_ARE,RE_CPT,1
RE_ARE,RE_EQR,1
RE_ARE,RE_ESS,1
RE_ARE,RE_FRT,1
RE_ARE,FIN_BEN,1
RE_ARE,RE_DOC,1
RE_ARE,RE_HST,1
RE_ARE,FIN_JPM,1
RE_ARE,RE_KIM,1
RE_ARE,RE_MAA,1
RE_ARE,RE_O,1
RE_ARE,RE_PLD,1
RE_ARE,FIN_PNC,1
RE_ARE,RE_PSA,1
RE_ARE,RE_REG,1
RE_ARE,RE_SPG,1
RE_ARE,FIN_TROW,1
RE_ARE,FIN_TFC,1
RE_ARE,RE_UDR,1
RE_ARE,RE_VTR,1
RE_ARE,RE_WELL,1
RE_ARE,FIN_WFC,1
RE_ARE,RE_WY,1
UTL_ATO,UTL_LNT,1
UTL_ATO,UTL_ED,1
UTL_ATO,UTL_D,1
UTL_ATO,UTL_DTE,1
UTL_ATO,UTL_DUK,1
UTL_ATO,UTL_ES,1
UTL_ATO,UTL_ETR,1
UTL_ATO,UTL_EVRG,1
UTL_ATO,UTL_EXC,1
UTL_ATO,UTL_NEE,1
UTL_ATO,UTL_NI,1
UTL_ATO,UTL_PEG,1
UTL_ATO,UTL_PNW,1
UTL_ATO,UTL_PPL,1
UTL_ATO,UTL_SO,1
UTL_ATO,UTL_SRE,1
UTL_ATO,UTL_WEC,1
FIN_AXP,IND_MMM,1
FIN_AXP,RE_AVB,1
FIN_AXP,IND_BA,1
FIN_AXP,FIN_BAC,1
FIN_AXP,FIN_BK,1
FIN_AXP,FIN_BLK,1
FIN_AXP,FIN_BRK-B,1
FIN_AXP,RE_BXP,1
FIN_AXP,IND_CAT,1
FIN_AXP,CD_CCL,1
FIN_AXP,FIN_COF,1
FIN_AXP,RE_CPT,1
FIN_AXP,FIN_SCHW,1
FIN_AXP,FIN_C,1
FIN_AXP,FIN_CB,1
FIN_AXP,FIN_CINF,1
FIN_AXP,IND_CMI,1
FIN_AXP,IND_CSX,1
FIN_AXP,MAT_DD,1
FIN_AXP,IND_DOV,1
FIN_AXP,MAT_ECL,1
FIN_AXP,IND_EMR,1
FIN_AXP,RE_EQR,1
FIN_AXP,RE_ESS,1
FIN_AXP,IND_ETN,1
FIN_AXP,FIN_FITB,1
FIN_AXP,RE_FRT,1
FIN_AXP,FIN_BEN,1
FIN_AXP,RE_DOC,1
FIN_AXP,IND_GE,1
FIN_AXP,FIN_GL,1
FIN_AXP,FIN_GS,1
FIN_AXP,FIN_HBAN,1
FIN_AXP,CD_HD,1
FIN_AXP,FIN_HIG,1
FIN_AXP,IND_HON,1
FIN_AXP,RE_HST,1
FIN_AXP,IND_HUBB,1
FIN_AXP,IND_IEX,1
FIN_AXP,IND_ITW,1
FIN_AXP,MAT_IP,1
FIN_AXP,FIN_IVZ,1
FIN_AXP,IND_J,1
FIN_AXP,FIN_JPM,1
FIN_AXP,FIN_KEY,1
FIN_AXP,RE_KIM,1
FIN_AXP,FIN_L,1
FIN_AXP,MAT_LIN,1
FIN_AXP,CD_MAR,1
FIN_AXP,FIN_MRSH,1
FIN_AXP,FIN_MTB,1
FIN_AXP,RE_MAA,1
FIN_AXP,IND_MAS,1
FIN_AXP,FIN_MCO,1
FIN_AXP,CD_MGM,1
FIN_AXP,FIN_MS,1
FIN_AXP,IND_NSC,1
FIN_AXP,FIN_NTRS,1
FIN_AXP,CS_OMC,1
FIN_AXP,IND_PCAR,1
FIN_AXP,IND_PH,1
FIN_AXP,RE_PLD,1
FIN_AXP,FIN_PNC,1
FIN_AXP,IND_PNR,1
FIN_AXP,MAT_PPG,1
FIN_AXP,RE_REG,1
FIN_AXP,FIN_RF,1
FIN_AXP,FIN_RJF,1
FIN_AXP,IND_ROK,1
FIN_AXP,IND_RTX,1
FIN_AXP,CD_RCL,1
FIN_AXP,IT_ROP,1
FIN_AXP,IND_SNA,1
FIN_AXP,RE_SPG,1
FIN_AXP,FIN_SPGI,1
FIN_AXP,IND_SWK,1
FIN_AXP,FIN_TROW,1
FIN_AXP,IND_TT,1
FIN_AXP,IND_TXT,1
FIN_AXP,CS_DIS,1
FIN_AXP,FIN_TFC,1
FIN_AXP,FIN_TRV,1
FIN_AXP,RE_UDR,1
FIN_AXP,IND_UNP,1
FIN_AXP,FIN_USB,1
FIN_AXP,FIN_WFC,1
FIN_AXP,RE_WY,1
UTL_LNT,UTL_CNP,1
UTL_LNT,UTL_CMS,1
UTL_LNT,UTL_ED,1
UTL_LNT,UTL_D,1
UTL_LNT,UTL_DTE,1
UTL_LNT,UTL_DUK,1
UTL_LNT,UTL_ES,1
UTL_LNT,UTL_ETR,1
UTL_LNT,UTL_EVRG,1
UTL_LNT,UTL_EXC,1
UTL_LNT,UTL_FE,1
UTL_LNT,UTL_NEE,1
UTL_LNT,UTL_NI,1
UTL_LNT,UTL_PEG,1
UTL_LNT,UTL_PNW,1
UTL_LNT,UTL_PPL,1
UTL_LNT,UTL_SO,1
UTL_LNT,UTL_SRE,1
UTL_LNT,UTL_WEC,1
UTL_LNT,UTL_XEL,1
IND_MMM,MAT_AVY,1
IND_MMM,IND_CAT,1
IND_MMM,FIN_CINF,1
IND_MMM,IND_CMI,1
IND_MMM,MAT_DD,1
IND_MMM,IND_DOV,1
IND_MMM,MAT_ECL,1
IND_MMM,IND_EMR,1
IND_MMM,IND_ETN,1
IND_MMM,FIN_BEN,1
IND_MMM,IND_GE,1
IND_MMM,CD_GPC,1
IND_MMM,IND_HON,1
IND_MMM,IND_IEX,1
IND_MMM,IND_ITW,1
IND_MMM,MAT_IP,1
IND_MMM,FIN_IVZ,1
IND_MMM,FIN_L,1
IND_MMM,MAT_LIN,1
IND_MMM,FIN_NTRS,1
IND_MMM,IND_PCAR,1
IND_MMM,IND_PH,1
IND_MMM,IND_PNR,1
IND_MMM,MAT_PPG,1
IND_MMM,IND_ROK,1
IND_MMM,IND_RTX,1
IND_MMM,IND_SNA,1
IND_MMM,IND_SWK,1
IND_MMM,FIN_TROW,1
IND_MMM,IND_TT,1
IND_MMM,RE_WY,1
CS_T,CS_VZ,1
IND_ADP,IND_DOV,1
IND_ADP,MAT_ECL,1
IND_ADP,IND_EMR,1
IND_ADP,IND_ITW,1
IND_ADP,IND_PAYX,1
IND_ADP,FIN_TROW,1
RE_AVB,FIN_BAC,1
RE_AVB,FIN_BK,1
RE_AVB,FIN_BLK,1
RE_AVB,RE_BXP,1
RE_AVB,RE_CPT,1
RE_AVB,FIN_CINF,1
RE_AVB,RE_EQR,1
RE_AVB,RE_ESS,1
RE_AVB,RE_FRT,1
RE_AVB,FIN_BEN,1
RE_AVB,RE_DOC,1
RE_AVB,RE_HST,1
RE_AVB,FIN_IVZ,1
RE_AVB,FIN_JPM,1
RE_AVB,FIN_KEY,1
RE_AVB,RE_KIM,1
RE_AVB,FIN_L,1
RE_AVB,FIN_MTB,1
RE_AVB,RE_MAA,1
RE_AVB,FIN_NTRS,1
RE_AVB,RE_O,1
RE_AVB,RE_PLD,1
RE_AVB,FIN_PNC,1
RE_AVB,RE_PSA,1
RE_AVB,RE_REG,1
RE_AVB,FIN_RJF,1
RE_AVB,RE_SPG,1
RE_AVB,FIN_TROW,1
RE_AVB,FIN_TFC,1
RE_AVB,RE_UDR,1
RE_AVB,FIN_USB,1
RE_AVB,RE_VTR,1
RE_AVB,RE_WELL,1
RE_AVB,FIN_WFC,1
RE_AVB,RE_WY,1
MAT_AVY,IND_CAT,1
MAT_AVY,FIN_CINF,1
MAT_AVY,IND_CMI,1
MAT_AVY,MAT_DD,1
MAT_AVY,IND_DOV,1
MAT_AVY,MAT_ECL,1
MAT_AVY,IND_EMR,1
MAT_AVY,IND_ETN,1
MAT_AVY,FIN_BEN,1
MAT_AVY,CD_GPC,1
MAT_AVY,IND_HON,1
MAT_AVY,IND_ITW,1
MAT_AVY,MAT_IP,1
MAT_AVY,FIN_IVZ,1
MAT_AVY,FIN_L,1
MAT_AVY,MAT_LIN,1
MAT_AVY,IND_MAS,1
MAT_AVY,IND_PCAR,1
MAT_AVY,IND_PH,1
MAT_AVY,MAT_PPG,1
MAT_AVY,IND_ROK,1
MAT_AVY,IND_RTX,1
MAT_AVY,IND_SNA,1
MAT_AVY,IND_SWK,1
MAT_AVY,FIN_TROW,1
MAT_AVY,IND_TT,1
MAT_AVY,IND_TXT,1
MAT_AVY,RE_WY,1
CD_AZO,CD_ORLY,1
IND_BA,CD_CCL,1
IND_BA,IND_DOV,1
IND_BA,IND_EMR,1
IND_BA,IND_HON,1
IND_BA,CD_MAR,1
IND_BA,IND_PH,1
IND_BA,IND_RTX,1
IND_BA,CD_RCL,1
IND_BA,IND_TXT,1
FIN_BAC,FIN_BK,1
FIN_BAC,FIN_BLK,1
FIN_BAC,FIN_BRK-B,1
FIN_BAC,RE_BXP,1
FIN_BAC,IND_CAT,1
FIN_BAC,FIN_COF,1
FIN_BAC,RE_CPT,1
FIN_BAC,FIN_SCHW,1
FIN_BAC,FIN_C,1
FIN_BAC,FIN_CINF,1
FIN_BAC,IND_DOV,1
FIN_BAC,IND_EMR,1
FIN_BAC,RE_EQR,1
FIN_BAC,FIN_FITB,1
FIN_BAC,RE_FRT,1
FIN_BAC,FIN_BEN,1
FIN_BAC,IND_GE,1
FIN_BAC,FIN_GL,1
FIN_BAC,FIN_GS,1
FIN_BAC,FIN_HBAN,1
FIN_BAC,FIN_HIG,1
FIN_BAC,RE_HST,1
FIN_BAC,IND_ITW,1
FIN_BAC,MAT_IP,1
FIN_BAC,FIN_IVZ,1
FIN_BAC,FIN_JPM,1
FIN_BAC,FIN_KEY,1
FIN_BAC,RE_KIM,1
FIN_BAC,FIN_L,1
FIN_BAC,FIN_MTB,1
FIN_BAC,RE_MAA,1
FIN_BAC,FIN_MS,1
FIN_BAC,FIN_NTRS,1
FIN_BAC,IND_PCAR,1
FIN_BAC,RE_PLD,1
FIN_BAC,FIN_PNC,1
FIN_BAC,RE_REG,1
FIN_BAC,FIN_RF,1
FIN_BAC,FIN_RJF,1
FIN_BAC,RE_SPG,1
FIN_BAC,FIN_TROW,1
FIN_BAC,IND_TXT,1
FIN_BAC,FIN_TFC,1
FIN_BAC,FIN_TRV,1
FIN_BAC,RE_UDR,1
FIN_BAC,FIN_USB,1
FIN_BAC,FIN_WFC,1
MAT_BALL,MAT_PPG,1
CD_BBY,CD_LOW,1
FIN_BK,FIN_BLK,1
FIN_BK,RE_BXP,1
FIN_BK,IND_CAT,1
FIN_BK,FIN_COF,1
FIN_BK,FIN_SCHW,1
FIN_BK,FIN_C,1
FIN_BK,FIN_CB,1
FIN_BK,FIN_CINF,1
FIN_BK,IND_CMI,1
FIN_BK,IND_DOV,1
FIN_BK,IND_EMR,1
FIN_BK,RE_EQR,1
FIN_BK,IND_ETN,1
FIN_BK,FIN_FITB,1
FIN_BK,RE_FRT,1
FIN_BK,FIN_BEN,1
FIN_BK,IND_GE,1
FIN_BK,FIN_GL,1
FIN_BK,FIN_GS,1
FIN_BK,FIN_HBAN,1
FIN_BK,FIN_HIG,1
FIN_BK,IND_HON,1
FIN_BK,RE_HST,1
FIN_BK,IND_ITW,1
FIN_BK,MAT_IP,1
FIN_BK,FIN_IVZ,1
FIN_BK,IND_J,1
FIN_BK,FIN_JPM,1
FIN_BK,FIN_KEY,1
FIN_BK,RE_KIM,1
FIN_BK,FIN_L,1
FIN_BK,CD_MAR,1
FIN_BK,FIN_MRSH,1
FIN_BK,FIN_MTB,1
FIN_BK,FIN_MS,1
FIN_BK,FIN_NTRS,1
FIN_BK,IND_PCAR,1
FIN_BK,FIN_PGR,1
FIN_BK,IND_PH,1
FIN_BK,RE_PLD,1
FIN_BK,FIN_PNC,1
FIN_BK,MAT_PPG,1
FIN_BK,RE_REG,1
FIN_BK,FIN_RF,1
FIN_BK,FIN_RJF,1
FIN_BK,IND_RTX,1
FIN_BK,IND_SNA,1
FIN_BK,RE_SPG,1
FIN_BK,IND_SWK,1
FIN_BK,FIN_TROW,1
FIN_BK,IND_TT,1
FIN_BK,IND_TXT,1
FIN_BK,FIN_TFC,1
FIN_BK,FIN_TRV,1
FIN_BK,RE_UDR,1
FIN_BK,FIN_USB,1
FIN_BK,FIN_WFC,1
FIN_BK,RE_WY,1
ENE_BKR,ENE_COP,1
ENE_BKR,ENE_CTRA,1
ENE_BKR,ENE_CVX,1
ENE_BKR,ENE_DVN,1
ENE_BKR,ENE_EOG,1
ENE_BKR,ENE_XOM,1
ENE_BKR,ENE_HAL,1
ENE_BKR,ENE_OXY,1
ENE_BKR,ENE_OKE,1
ENE_BKR,ENE_SLB,1
ENE_BKR,ENE_VLO,1
FIN_BLK,RE_BXP,1
FIN_BLK,FIN_COF,1
FIN_BLK,FIN_SCHW,1
FIN_BLK,FIN_C,1
FIN_BLK,FIN_CINF,1
FIN_BLK,IND_DOV,1
FIN_BLK,IND_EMR,1
FIN_BLK,RE_EQR,1
FIN_BLK,FIN_BEN,1
FIN_BLK,FIN_GS,1
FIN_BLK,RE_HST,1
FIN_BLK,IND_ITW,1
FIN_BLK,FIN_IVZ,1
FIN_BLK,FIN_JPM,1
FIN_BLK,FIN_KEY,1
FIN_BLK,FIN_L,1
FIN_BLK,FIN_MTB,1
FIN_BLK,RE_MAA,1
FIN_BLK,FIN_MCO,1
FIN_BLK,FIN_MS,1
FIN_BLK,FIN_NTRS,1
FIN_BLK,IND_PH,1
FIN_BLK,RE_PLD,1
FIN_BLK,FIN_PNC,1
FIN_BLK,FIN_RJF,1
FIN_BLK,FIN_TROW,1
FIN_BLK,FIN_TFC,1
FIN_BLK,FIN_USB,1
FIN_BLK,FIN_WFC,1
FIN_BRK-B,FIN_JPM,1
FIN_BRK-B,FIN_L,1
FIN_BRO,FIN_MRSH,1
RE_BXP,FIN_COF,1
RE_BXP,RE_CPT,1
RE_BXP,FIN_C,1
RE_BXP,FIN_CINF,1
RE_BXP,IND_DOV,1
RE_BXP,RE_EQR,1
RE_BXP,RE_ESS,1
RE_BXP,FIN_FITB,1
RE_BXP,RE_FRT,1
RE_BXP,FIN_BEN,1
RE_BXP,RE_DOC,1
RE_BXP,FIN_GS,1
RE_BXP,FIN_HBAN,1
RE_BXP,RE_HST,1
RE_BXP,FIN_IVZ,1
RE_BXP,FIN_JPM,1
RE_BXP,FIN_KEY,1
RE_BXP,RE_KIM,1
RE_BXP,FIN_L,1
RE_BXP,CD_MAR,1
RE_BXP,FIN_MTB,1
RE_BXP,RE_MAA,1
RE_BXP,FIN_MS,1
RE_BXP,FIN_NTRS,1
RE_BXP,RE_O,1
RE_BXP,RE_PLD,1
RE_BXP,FIN_PNC,1
RE_BXP,RE_PSA,1
RE_BXP,RE_REG,1
RE_BXP,FIN_RF,1
RE_BXP,FIN_RJF,1
RE_BXP,RE_SPG,1
RE_BXP,IND_SWK,1
RE_BXP,FIN_TROW,1
RE_BXP,FIN_TFC,1
RE_BXP,RE_UDR,1
RE_BXP,FIN_USB,1
RE_BXP,RE_VTR,1
RE_BXP,RE_WELL,1
RE_BXP,FIN_WFC,1
RE_BXP,RE_WY,1
HC_CAH,HC_COR,1
HC_CAH,HC_MCK,1
IND_CAT,IND_CMI,1
IND_CAT,ENE_COP,1
IND_CAT,IND_CSX,1
IND_CAT,ENE_CVX,1
IND_CAT,IND_DE,1
IND_CAT,MAT_DD,1
IND_CAT,IND_DOV,1
IND_CAT,IND_EME,1
IND_CAT,IND_EMR,1
IND_CAT,IND_ETN,1
IND_CAT,IND_FDX,1
IND_CAT,ENE_XOM,1
IND_CAT,FIN_BEN,1
IND_CAT,MAT_FCX,1
IND_CAT,IND_GE,1
IND_CAT,CD_GPC,1
IND_CAT,FIN_GS,1
IND_CAT,IND_HON,1
IND_CAT,IND_HUBB,1
IND_CAT,IND_IEX,1
IND_CAT,IND_ITW,1
IND_CAT,MAT_IP,1
IND_CAT,FIN_IVZ,1
IND_CAT,IND_J,1
IND_CAT,FIN_JPM,1
IND_CAT,FIN_L,1
IND_CAT,MAT_LIN,1
IND_CAT,CD_MAR,1
IND_CAT,IND_MAS,1
IND_CAT,FIN_MS,1
IND_CAT,IND_NDSN,1
IND_CAT,IND_NSC,1
IND_CAT,FIN_NTRS,1
IND_CAT,MAT_NUE,1
IND_CAT,IND_PCAR,1
IND_CAT,IND_PH,1
IND_CAT,IND_PNR,1
IND_CAT,MAT_PPG,1
IND_CAT,FIN_RJF,1
IND_CAT,IND_ROK,1
IND_CAT,IND_RTX,1
IND_CAT,ENE_SLB,1
IND_CAT,IND_SNA,1
IND_CAT,MAT_STLD,1
IND_CAT,IND_SWK,1
IND_CAT,FIN_TROW,1
IND_CAT,IND_TT,1
IND_CAT,IND_TXT,1
IND_CAT,IND_GWW,1
IND_CAT,FIN_TFC,1
IND_CAT,IND_UNP,1
IND_CAT,IND_URI,1
IND_CAT,FIN_USB,1
IND_CAT,MAT_VMC,1
IND_CAT,IND_WAB,1
IND_CAT,RE_WY,1
CD_CCL,RE_HST,1
CD_CCL,CD_MAR,1
CD_CCL,CD_MGM,1
CD_CCL,IND_PH,1
CD_CCL,IND_LUV,1
CD_CCL,CD_RCL,1
CD_CCL,RE_SPG,1
CD_CCL,FIN_TFC,1
IT_CDNS,IT_SNPS,1
IND_CHRW,IND_EXPD,1
UTL_CNP,UTL_D,1
UTL_CNP,UTL_DTE,1
UTL_CNP,UTL_ETR,1
UTL_CNP,UTL_PEG,1
UTL_CNP,UTL_PNW,1
UTL_CNP,UTL_PPL,1
FIN_COF,FIN_SCHW,1
FIN_COF,FIN_C,1
FIN_COF,FIN_CINF,1
FIN_COF,IND_DOV,1
FIN_COF,IND_EMR,1
FIN_COF,RE_EQR,1
FIN_COF,IND_ETN,1
FIN_COF,FIN_FITB,1
FIN_COF,RE_FRT,1
FIN_COF,FIN_BEN,1
FIN_COF,IND_GE,1
FIN_COF,FIN_GL,1
FIN_COF,FIN_GS,1
FIN_COF,FIN_HBAN,1
FIN_COF,FIN_HIG,1
FIN_COF,RE_HST,1
FIN_COF,IND_ITW,1
FIN_COF,FIN_IVZ,1
FIN_COF,FIN_JPM,1
FIN_COF,FIN_KEY,1
FIN_COF,RE_KIM,1
FIN_COF,FIN_L,1
FIN_COF,CD_MAR,1
FIN_COF,FIN_MTB,1
FIN_COF,FIN_MS,1
FIN_COF,FIN_NTRS,1
FIN_COF,IND_PCAR,1
FIN_COF,IND_PH,1
FIN_COF,FIN_PNC,1
FIN_COF,MAT_PPG,1
FIN_COF,RE_REG,1
FIN_COF,FIN_RF,1
FIN_COF,FIN_RJF,1
FIN_COF,RE_SPG,1
FIN_COF,IND_SWK,1
FIN_COF,FIN_TROW,1
FIN_COF,IND_TXT,1
FIN_COF,FIN_TFC,1
FIN_COF,FIN_TRV,1
FIN_COF,FIN_USB,1
FIN_COF,FIN_WFC,1
FIN_COF,RE_WY,1
HC_COR,HC_MCK,1
CST_CPB,CST_GIS,1
RE_CPT,FIN_CINF,1
RE_CPT,RE_EQR,1
RE_CPT,RE_ESS,1
RE_CPT,RE_FRT,1
RE_CPT,FIN_BEN,1
RE_CPT,RE_DOC,1
RE_CPT,RE_HST,1
RE_CPT,FIN_JPM,1
RE_CPT,RE_KIM,1
RE_CPT,FIN_L,1
RE_CPT,FIN_MTB,1
RE_CPT,RE_MAA,1
RE_CPT,RE_O,1
RE_CPT,RE_PLD,1
RE_CPT,FIN_PNC,1
RE_CPT,RE_PSA,1
RE_CPT,RE_REG,1
RE_CPT,RE_SPG,1
RE_CPT,FIN_TROW,1
RE_CPT,FIN_TFC,1
RE_CPT,RE_UDR,1
RE_CPT,FIN_USB,1
RE_CPT,RE_VTR,1
RE_CPT,RE_WELL,1
RE_CPT,FIN_WFC,1
RE_CPT,RE_WY,1
FIN_SCHW,FIN_C,1
FIN_SCHW,FIN_CINF,1
FIN_SCHW,IND_DOV,1
FIN_SCHW,IND_EMR,1
FIN_SCHW,FIN_BEN,1
FIN_SCHW,IND_GE,1
FIN_SCHW,FIN_GS,1
FIN_SCHW,IND_ITW,1
FIN_SCHW,FIN_IVZ,1
FIN_SCHW,FIN_JPM,1
FIN_SCHW,FIN_KEY,1
FIN_SCHW,CD_MAR,1
FIN_SCHW,FIN_MTB,1
FIN_SCHW,FIN_MS,1
FIN_SCHW,FIN_NTRS,1
FIN_SCHW,IND_PCAR,1
FIN_SCHW,IND_PH,1
FIN_SCHW,FIN_PNC,1
FIN_SCHW,FIN_RF,1
FIN_SCHW,FIN_RJF,1
FIN_SCHW,FIN_TROW,1
FIN_SCHW,FIN_TFC,1
FIN_SCHW,FIN_USB,1
FIN_SCHW,FIN_WFC,1
FIN_C,FIN_CINF,1
FIN_C,IND_DOV,1
FIN_C,IND_EMR,1
FIN_C,FIN_FITB,1
FIN_C,FIN_BEN,1
FIN_C,IND_GE,1
FIN_C,FIN_GL,1
FIN_C,FIN_GS,1
FIN_C,FIN_HBAN,1
FIN_C,FIN_HIG,1
FIN_C,RE_HST,1
FIN_C,FIN_IVZ,1
FIN_C,FIN_JPM,1
FIN_C,FIN_KEY,1
FIN_C,RE_KIM,1
FIN_C,FIN_L,1
FIN_C,CD_MAR,1
FIN_C,FIN_MTB,1
FIN_C,FIN_MS,1
FIN_C,FIN_NTRS,1
FIN_C,IND_PCAR,1
FIN_C,IND_PH,1
FIN_C,FIN_PNC,1
FIN_C,MAT_PPG,1
FIN_C,FIN_RF,1
FIN_C,FIN_RJF,1
FIN_C,RE_SPG,1
FIN_C,FIN_TROW,1
FIN_C,IND_TXT,1
FIN_C,FIN_TFC,1
FIN_C,FIN_USB,1
FIN_C,FIN_WFC,1
FIN_CB,FIN_CINF,1
FIN_CB,FIN_EG,1
FIN_CB,FIN_GL,1
FIN_CB,FIN_HIG,1
FIN_CB,FIN_JPM,1
FIN_CB,FIN_L,1
FIN_CB,FIN_MRSH,1
FIN_CB,FIN_NTRS,1
FIN_CB,FIN_PGR,1
FIN_CB,FIN_TROW,1
FIN_CB,FIN_TFC,1
FIN_CB,FIN_TRV,1
FIN_CB,FIN_WRB,1
HC_CI,HC_UNH,1
IT_CIEN,IT_CSCO,1
FIN_CINF,IND_DOV,1
FIN_CINF,MAT_ECL,1
FIN_CINF,FIN_EG,1
FIN_CINF,IND_EMR,1
FIN_CINF,RE_EQR,1
FIN_CINF,RE_ESS,1
FIN_CINF,FIN_FITB,1
FIN_CINF,RE_FRT,1
FIN_CINF,FIN_BEN,1
FIN_CINF,FIN_GL,1
FIN_CINF,CD_GPC,1
FIN_CINF,FIN_GS,1
FIN_CINF,FIN_HBAN,1
FIN_CINF,FIN_HIG,1
FIN_CINF,RE_HST,1
FIN_CINF,IND_ITW,1
FIN_CINF,FIN_IVZ,1
FIN_CINF,FIN_JPM,1
FIN_CINF,FIN_KEY,1
FIN_CINF,RE_KIM,1
FIN_CINF,FIN_L,1
FIN_CINF,FIN_MRSH,1
FIN_CINF,FIN_MTB,1
FIN_CINF,RE_MAA,1
FIN_CINF,FIN_MS,1
FIN_CINF,FIN_NTRS,1
FIN_CINF,IND_PCAR,1
FIN_CINF,FIN_PGR,1
FIN_CINF,IND_PH,1
FIN_CINF,RE_PLD,1
FIN_CINF,FIN_PNC,1
FIN_CINF,MAT_PPG,1
FIN_CINF,RE_REG,1
FIN_CINF,FIN_RF,1
FIN_CINF,FIN_RJF,1
FIN_CINF,IND_RTX,1
FIN_CINF,IND_SNA,1
FIN_CINF,RE_SPG,1
FIN_CINF,FIN_TROW,1
FIN_CINF,IND_TXT,1
FIN_CINF,FIN_TFC,1
FIN_CINF,FIN_TRV,1
FIN_CINF,RE_UDR,1
FIN_CINF,FIN_USB,1
FIN_CINF,FIN_WFC,1
FIN_CINF,FIN_WRB,1
FIN_CINF,RE_WY,1
CST_CL,CST_CLX,1
CST_CL,CST_KO,1
CST_CL,CST_KMB,1
CST_CL,CST_PEP,1
CST_CL,CST_PG,1
CST_CLX,CST_KMB,1
CST_CLX,CST_PG,1
CS_CMCSA,FIN_TROW,1
IND_CMI,IND_CSX,1
IND_CMI,IND_DE,1
IND_CMI,MAT_DD,1
IND_CMI,IND_DOV,1
IND_CMI,IND_EMR,1
IND_CMI,IND_ETN,1
IND_CMI,FIN_BEN,1
IND_CMI,CD_GPC,1
IND_CMI,FIN_GS,1
IND_CMI,IND_HON,1
IND_CMI,IND_HUBB,1
IND_CMI,IND_IEX,1
IND_CMI,IND_ITW,1
IND_CMI,MAT_IP,1
IND_CMI,FIN_IVZ,1
IND_CMI,IND_J,1
IND_CMI,FIN_JPM,1
IND_CMI,FIN_L,1
IND_CMI,MAT_LIN,1
IND_CMI,CD_MAR,1
IND_CMI,IND_MAS,1
IND_CMI,FIN_MS,1
IND_CMI,IND_NDSN,1
IND_CMI,IND_NSC,1
IND_CMI,FIN_NTRS,1
IND_CMI,MAT_NUE,1
IND_CMI,IND_PCAR,1
IND_CMI,IND_PH,1
IND_CMI,IND_PNR,1
IND_CMI,MAT_PPG,1
IND_CMI,FIN_RJF,1
IND_CMI,IND_ROK,1
IND_CMI,IND_RTX,1
IND_CMI,IT_ROP,1
IND_CMI,IND_SNA,1
IND_CMI,MAT_STLD,1
IND_CMI,IND_SWK,1
IND_CMI,FIN_TROW,1
IND_CMI,IND_TT,1
IND_CMI,IND_TXT,1
IND_CMI,IND_UNP,1
IND_CMI,IND_WAB,1
IND_CMI,RE_WY,1
UTL_CMS,UTL_ED,1
UTL_CMS,UTL_D,1
UTL_CMS,UTL_DTE,1
UTL_CMS,UTL_DUK,1
UTL_CMS,UTL_ES,1
UTL_CMS,UTL_ETR,1
UTL_CMS,UTL_EVRG,1
UTL_CMS,UTL_EXC,1
UTL_CMS,UTL_FE,1
UTL_CMS,UTL_NEE,1
UTL_CMS,UTL_NI,1
UTL_CMS,UTL_PEG,1
UTL_CMS,UTL_PNW,1
UTL_CMS,UTL_PPL,1
UTL_CMS,UTL_SO,1
UTL_CMS,UTL_SRE,1
UTL_CMS,UTL_WEC,1
UTL_CMS,UTL_XEL,1
ENE_COP,ENE_CTRA,1
ENE_COP,ENE_CVX,1
ENE_COP,ENE_DVN,1
ENE_COP,IND_EMR,1
ENE_COP,ENE_EOG,1
ENE_COP,ENE_XOM,1
ENE_COP,MAT_FCX,1
ENE_COP,ENE_HAL,1
ENE_COP,FIN_L,1
ENE_COP,ENE_OXY,1
ENE_COP,ENE_OKE,1
ENE_COP,ENE_SLB,1
ENE_COP,ENE_VLO,1
CST_COST,CD_HD,1
CST_COST,CST_TGT,1
CST_COST,CST_WMT,1
IT_CSCO,IT_GLW,1
IT_CSCO,IT_IBM,1
IT_CSCO,IT_INTC,1
IT_CSCO,IT_JBL,1
IT_CSCO,IT_KLAC,1
IT_CSCO,IT_LRCX,1
IT_CSCO,IT_MCHP,1
IT_CSCO,IT_MSFT,1
IT_CSCO,IT_NTAP,1
IT_CSCO,IT_ORCL,1
IT_CSCO,IT_QCOM,1
IT_CSCO,IT_TER,1
IT_CSCO,IT_TXN,1
IT_CSCO,IT_VRSN,1
IND_CSX,IND_DE,1
IND_CSX,MAT_DD,1
IND_CSX,IND_DOV,1
IND_CSX,IND_EMR,1
IND_CSX,IND_ETN,1
IND_CSX,IND_FDX,1
IND_CSX,FIN_BEN,1
IND_CSX,IND_HON,1
IND_CSX,IND_IEX,1
IND_CSX,IND_ITW,1
IND_CSX,MAT_IP,1
IND_CSX,FIN_IVZ,1
IND_CSX,IND_J,1
IND_CSX,FIN_L,1
IND_CSX,MAT_LIN,1
IND_CSX,FIN_MS,1
IND_CSX,IND_NSC,1
IND_CSX,MAT_NUE,1
IND_CSX,IND_PCAR,1
IND_CSX,IND_PH,1
IND_CSX,MAT_PPG,1
IND_CSX,FIN_RJF,1
IND_CSX,IND_ROK,1
IND_CSX,IND_SNA,1
IND_CSX,IND_SWK,1
IND_CSX,FIN_TROW,1
IND_CSX,IND_TT,1
IND_CSX,IND_TXT,1
IND_CSX,IND_UNP,1
IND_CSX,RE_WY,1
IND_CTAS,IND_DOV,1
IND_CTAS,MAT_ECL,1
IND_CTAS,IND_EMR,1
IND_CTAS,IND_HON,1
IND_CTAS,IND_ITW,1
IND_CTAS,IND_PAYX,1
IND_CTAS,IND_PCAR,1
IND_CTAS,IND_PH,1
IND_CTAS,MAT_PPG,1
IND_CTAS,IND_RTX,1
IND_CTAS,FIN_TROW,1
IND_CTAS,IND_TT,1
ENE_CTRA,ENE_CVX,1
ENE_CTRA,ENE_DVN,1
ENE_CTRA,ENE_EOG,1
ENE_CTRA,ENE_EQT,1
ENE_CTRA,ENE_XOM,1
ENE_CTRA,ENE_HAL,1
ENE_CTRA,ENE_OXY,1
ENE_CTRA,ENE_SLB,1
ENE_CVX,ENE_DVN,1
ENE_CVX,IND_DOV,1
ENE_CVX,IND_EMR,1
ENE_CVX,ENE_EOG,1
ENE_CVX,ENE_XOM,1
ENE_CVX,MAT_FCX,1
ENE_CVX,ENE_HAL,1
ENE_CVX,IND_ITW,1
ENE_CVX,FIN_L,1
ENE_CVX,MAT_NUE,1
ENE_CVX,ENE_OXY,1
ENE_CVX,ENE_OKE,1
ENE_CVX,IND_PH,1
ENE_CVX,IND_RTX,1
ENE_CVX,ENE_SLB,1
ENE_CVX,ENE_VLO,1
IND_DE,MAT_DD,1
IND_DE,IND_DOV,1
IND_DE,IND_EMR,1
IND_DE,IND_ETN,1
IND_DE,FIN_BEN,1
IND_DE,IND_HON,1
IND_DE,IND_HUBB,1
IND_DE,IND_IEX,1
IND_DE,IND_ITW,1
IND_DE,MAT_IP,1
IND_DE,IND_J,1
IND_DE,MAT_LIN,1
IND_DE,MAT_MOS,1
IND_DE,IND_NDSN,1
IND_DE,IND_NSC,1
IND_DE,MAT_NUE,1
IND_DE,IND_PCAR,1
IND_DE,IND_PH,1
IND_DE,MAT_PPG,1
IND_DE,IND_ROK,1
IND_DE,IND_RTX,1
IND_DE,IND_SNA,1
IND_DE,MAT_STLD,1
IND_DE,IND_SWK,1
IND_DE,IND_TT,1
IND_DE,IND_TXT,1
IND_DE,IND_UNP,1
IND_DE,RE_WY,1
HC_DHR,IND_DOV,1
HC_DHR,IND_EMR,1
HC_DHR,IND_IEX,1
HC_DHR,IND_ITW,1
HC_DHR,IND_PH,1
HC_DHR,HC_TMO,1
HC_DHR,IND_TT,1
ENE_DVN,ENE_EOG,1
ENE_DVN,ENE_EQT,1
ENE_DVN,ENE_XOM,1
ENE_DVN,MAT_FCX,1
ENE_DVN,ENE_HAL,1
ENE_DVN,ENE_OXY,1
ENE_DVN,ENE_OKE,1
ENE_DVN,ENE_SLB,1
ENE_DVN,ENE_VLO,1
UTL_ED,UTL_D,1
UTL_ED,UTL_DTE,1
UTL_ED,UTL_DUK,1
UTL_ED,UTL_ES,1
UTL_ED,UTL_ETR,1
UTL_ED,UTL_EVRG,1
UTL_ED,UTL_EXC,1
UTL_ED,UTL_FE,1
UTL_ED,UTL_NEE,1
UTL_ED,UTL_NI,1
UTL_ED,UTL_PEG,1
UTL_ED,UTL_PNW,1
UTL_ED,UTL_PPL,1
UTL_ED,UTL_SO,1
UTL_ED,UTL_SRE,1
UTL_ED,UTL_WEC,1
UTL_ED,UTL_XEL,1
CST_KO,CST_PEP,1
UTL_D,UTL_DTE,1
UTL_D,UTL_DUK,1
UTL_D,UTL_EIX,1
UTL_D,UTL_ES,1
UTL_D,UTL_ETR,1
UTL_D,UTL_EVRG,1
UTL_D,UTL_EXC,1
UTL_D,UTL_FE,1
UTL_D,UTL_NEE,1
UTL_D,UTL_NI,1
UTL_D,UTL_PEG,1
UTL_D,UTL_PNW,1
UTL_D,UTL_PPL,1
UTL_D,UTL_SO,1
UTL_D,UTL_SRE,1
UTL_D,UTL_WEC,1
UTL_D,UTL_XEL,1
MAT_DD,IND_DOV,1
MAT_DD,MAT_ECL,1
MAT_DD,IND_EMR,1
MAT_DD,IND_ETN,1
MAT_DD,FIN_BEN,1
MAT_DD,CD_GPC,1
MAT_DD,IND_HON,1
MAT_DD,RE_HST,1
MAT_DD,IND_IEX,1
MAT_DD,IND_ITW,1
MAT_DD,MAT_IP,1
MAT_DD,FIN_IVZ,1
MAT_DD,FIN_JPM,1
MAT_DD,FIN_L,1
MAT_DD,MAT_LIN,1
MAT_DD,IND_MAS,1
MAT_DD,IND_NSC,1
MAT_DD,MAT_NUE,1
MAT_DD,IND_PCAR,1
MAT_DD,IND_PH,1
MAT_DD,IND_PNR,1
MAT_DD,MAT_PPG,1
MAT_DD,FIN_RJF,1
MAT_DD,IND_ROK,1
MAT_DD,IND_RTX,1
MAT_DD,IND_SNA,1
MAT_DD,IND_SWK,1
MAT_DD,FIN_TROW,1
MAT_DD,IND_TT,1
MAT_DD,IND_TXT,1
MAT_DD,FIN_TFC,1
MAT_DD,IND_UNP,1
MAT_DD,RE_WY,1
CD_DHI,CD_HD,1
CD_DHI,CD_LEN,1
CD_DHI,CD_LOW,1
CD_DHI,IND_MAS,1
CD_DHI,CD_NVR,1
CD_DHI,CD_PHM,1
CD_DHI,IND_SWK,1
CD_DHI,FIN_TROW,1
CD_DHI,MAT_VMC,1
CD_DHI,RE_WY,1
IND_DOV,MAT_ECL,1
IND_DOV,IND_EME,1
IND_DOV,IND_EMR,1
IND_DOV,IND_ETN,1
IND_DOV,IND_FAST,1
IND_DOV,IND_FDX,1
IND_DOV,FIN_BEN,1
IND_DOV,IND_GD,1
IND_DOV,IND_GE,1
IND_DOV,CD_GPC,1
IND_DOV,FIN_GS,1
IND_DOV,CD_HD,1
IND_DOV,IND_HON,1
IND_DOV,RE_HST,1
IND_DOV,IND_HUBB,1
IND_DOV,IND_IEX,1
IND_DOV,IND_ITW,1
IND_DOV,MAT_IP,1
IND_DOV,FIN_IVZ,1
IND_DOV,IND_J,1
IND_DOV,FIN_JPM,1
IND_DOV,FIN_KEY,1
IND_DOV,FIN_L,1
IND_DOV,MAT_LIN,1
IND_DOV,CD_LOW,1
IND_DOV,CD_MAR,1
IND_DOV,FIN_MTB,1
IND_DOV,IND_MAS,1
IND_DOV,FIN_MCO,1
IND_DOV,MAT_MLM,1
IND_DOV,FIN_MS,1
IND_DOV,IND_NDSN,1
IND_DOV,IND_NSC,1
IND_DOV,FIN_NTRS,1
IND_DOV,MAT_NUE,1
IND_DOV,CS_OMC,1
IND_DOV,IND_PCAR,1
IND_DOV,IND_PH,1
IND_DOV,FIN_PNC,1
IND_DOV,IND_PNR,1
IND_DOV,MAT_PPG,1
IND_DOV,FIN_RJF,1
IND_DOV,IND_ROK,1
IND_DOV,IND_RTX,1
IND_DOV,IT_ROP,1
IND_DOV,IND_SNA,1
IND_DOV,RE_SPG,1
IND_DOV,FIN_SPGI,1
IND_DOV,MAT_STLD,1
IND_DOV,IND_SWK,1
IND_DOV,FIN_TROW,1
IND_DOV,IND_TT,1
IND_DOV,IND_TXT,1
IND_DOV,CS_DIS,1
IND_DOV,IND_GWW,1
IND_DOV,FIN_TFC,1
IND_DOV,IND_UNP,1
IND_DOV,IND_URI,1
IND_DOV,FIN_USB,1
IND_DOV,MAT_VMC,1
IND_DOV,IND_WAB,1
IND_DOV,FIN_WFC,1
IND_DOV,RE_WY,1
UTL_DTE,UTL_DUK,1
UTL_DTE,UTL_EIX,1
UTL_DTE,UTL_ES,1
UTL_DTE,UTL_ETR,1
UTL_DTE,UTL_EVRG,1
UTL_DTE,UTL_EXC,1
UTL_DTE,UTL_FE,1
UTL_DTE,UTL_NEE,1
UTL_DTE,UTL_NI,1
UTL_DTE,UTL_PEG,1
UTL_DTE,UTL_PNW,1
UTL_DTE,UTL_PPL,1
UTL_DTE,UTL_SO,1
UTL_DTE,UTL_SRE,1
UTL_DTE,UTL_WEC,1
UTL_DTE,UTL_XEL,1
UTL_DUK,UTL_EIX,1
UTL_DUK,UTL_ES,1
UTL_DUK,UTL_ETR,1
UTL_DUK,UTL_EVRG,1
UTL_DUK,UTL_EXC,1
UTL_DUK,UTL_FE,1
UTL_DUK,UTL_NEE,1
UTL_DUK,UTL_NI,1
UTL_DUK,UTL_PEG,1
UTL_DUK,UTL_PNW,1
UTL_DUK,UTL_PPL,1
UTL_DUK,UTL_SO,1
UTL_DUK,UTL_SRE,1
UTL_DUK,UTL_WEC,1
UTL_DUK,UTL_XEL,1
MAT_ECL,IND_EMR,1
MAT_ECL,IND_ETN,1
MAT_ECL,FIN_BEN,1
MAT_ECL,CD_GPC,1
MAT_ECL,IND_HON,1
MAT_ECL,IND_IEX,1
MAT_ECL,IND_ITW,1
MAT_ECL,MAT_IFF,1
MAT_ECL,FIN_L,1
MAT_ECL,MAT_LIN,1
MAT_ECL,IND_NSC,1
MAT_ECL,FIN_NTRS,1
MAT_ECL,IND_PCAR,1
MAT_ECL,IND_PH,1
MAT_ECL,IND_PNR,1
MAT_ECL,MAT_PPG,1
MAT_ECL,IND_RTX,1
MAT_ECL,IT_ROP,1
MAT_ECL,MAT_SHW,1
MAT_ECL,IND_SNA,1
MAT_ECL,IND_SWK,1
MAT_ECL,FIN_TROW,1
MAT_ECL,IND_TT,1
MAT_ECL,IND_UNP,1
MAT_ECL,MAT_VMC,1
MAT_ECL,RE_WY,1
IND_EFX,FIN_BEN,1
IND_EFX,IND_ITW,1
IND_EFX,FIN_TROW,1
FIN_EG,FIN_L,1
FIN_EG,FIN_PGR,1
FIN_EG,FIN_TRV,1
FIN_EG,FIN_WRB,1
UTL_EIX,UTL_ETR,1
UTL_EIX,UTL_EXC,1
UTL_EIX,UTL_PCG,1
UTL_EIX,UTL_PEG,1
UTL_EIX,UTL_PNW,1
UTL_EIX,UTL_PPL,1
UTL_EIX,UTL_SO,1
UTL_EIX,UTL_SRE,1
IND_EME,IND_EMR,1
IND_EME,IND_ETN,1
IND_EME,FIN_BEN,1
IND_EME,IND_HUBB,1
IND_EME,IND_IEX,1
IND_EME,IND_J,1
IND_EME,IND_PCAR,1
IND_EME,IND_PH,1
IND_EME,FIN_RJF,1
IND_EME,FIN_TROW,1
IND_EME,IND_TT,1
IND_EMR,IND_ETN,1
IND_EMR,IND_FAST,1
IND_EMR,IND_FDX,1
IND_EMR,ENE_XOM,1
IND_EMR,FIN_BEN,1
IND_EMR,IND_GD,1
IND_EMR,IND_GE,1
IND_EMR,CD_GPC,1
IND_EMR,FIN_GS,1
IND_EMR,ENE_HAL,1
IND_EMR,IND_HON,1
IND_EMR,RE_HST,1
IND_EMR,IND_HUBB,1
IND_EMR,IND_IEX,1
IND_EMR,IND_ITW,1
IND_EMR,MAT_IP,1
IND_EMR,FIN_IVZ,1
IND_EMR,IND_J,1
IND_EMR,FIN_JPM,1
IND_EMR,FIN_KEY,1
IND_EMR,FIN_L,1
IND_EMR,MAT_LIN,1
IND_EMR,CD_MAR,1
IND_EMR,FIN_MTB,1
IND_EMR,IND_MAS,1
IND_EMR,MAT_MLM,1
IND_EMR,FIN_MS,1
IND_EMR,IND_NDSN,1
IND_EMR,IND_NSC,1
IND_EMR,FIN_NTRS,1
IND_EMR,MAT_NUE,1
IND_EMR,ENE_OXY,1
IND_EMR,ENE_OKE,1
IND_EMR,IND_PCAR,1
IND_EMR,IND_PH,1
IND_EMR,FIN_PNC,1
IND_EMR,IND_PNR,1
IND_EMR,MAT_PPG,1
IND_EMR,FIN_RJF,1
IND_EMR,IND_ROK,1
IND_EMR,IND_RTX,1
IND_EMR,IT_ROP,1
IND_EMR,ENE_SLB,1
IND_EMR,IND_SNA,1
IND_EMR,MAT_STLD,1
IND_EMR,IND_SWK,1
IND_EMR,FIN_TROW,1
IND_EMR,IND_TT,1
IND_EMR,IND_TXT,1
IND_EMR,IND_GWW,1
IND_EMR,FIN_TFC,1
IND_EMR,IND_UNP,1
IND_EMR,IND_URI,1
IND_EMR,FIN_USB,1
IND_EMR,MAT_VMC,1
IND_EMR,IND_WAB,1
IND_EMR,FIN_WFC,1
IND_EMR,RE_WY,1
ENE_EOG,ENE_EQT,1
ENE_EOG,ENE_XOM,1
ENE_EOG,ENE_HAL,1
ENE_EOG,ENE_OXY,1
ENE_EOG,ENE_OKE,1
ENE_EOG,ENE_SLB,1
ENE_EOG,ENE_VLO,1
RE_EQR,RE_ESS,1
RE_EQR,RE_FRT,1
RE_EQR,FIN_BEN,1
RE_EQR,RE_DOC,1
RE_EQR,RE_HST,1
RE_EQR,FIN_IVZ,1
RE_EQR,FIN_JPM,1
RE_EQR,FIN_KEY,1
RE_EQR,RE_KIM,1
RE_EQR,FIN_L,1
RE_EQR,FIN_MTB,1
RE_EQR,RE_MAA,1
RE_EQR,FIN_NTRS,1
RE_EQR,RE_O,1
RE_EQR,RE_PLD,1
RE_EQR,FIN_PNC,1
RE_EQR,RE_PSA,1
RE_EQR,RE_REG,1
RE_EQR,FIN_RF,1
RE_EQR,FIN_RJF,1
RE_EQR,RE_SPG,1
RE_EQR,FIN_TROW,1
RE_EQR,FIN_TFC,1
RE_EQR,RE_UDR,1
RE_EQR,FIN_USB,1
RE_EQR,RE_VTR,1
RE_EQR,RE_WELL,1
RE_EQR,FIN_WFC,1
RE_EQR,RE_WY,1
UTL_ES,UTL_ETR,1
UTL_ES,UTL_EVRG,1
UTL_ES,UTL_EXC,1
UTL_ES,UTL_FE,1
UTL_ES,UTL_NEE,1
UTL_ES,UTL_NI,1
UTL_ES,UTL_PEG,1
UTL_ES,UTL_PNW,1
UTL_ES,UTL_PPL,1
UTL_ES,UTL_SO,1
UTL_ES,UTL_SRE,1
UTL_ES,UTL_WEC,1
UTL_ES,UTL_XEL,1
RE_ESS,RE_FRT,1
RE_ESS,FIN_BEN,1
RE_ESS,RE_DOC,1
RE_ESS,RE_HST,1
RE_ESS,FIN_JPM,1
RE_ESS,RE_KIM,1
RE_ESS,FIN_MTB,1
RE_ESS,RE_MAA,1
RE_ESS,RE_O,1
RE_ESS,RE_PLD,1
RE_ESS,FIN_PNC,1
RE_ESS,RE_PSA,1
RE_ESS,RE_REG,1
RE_ESS,RE_SPG,1
RE_ESS,FIN_TROW,1
RE_ESS,FIN_TFC,1
RE_ESS,RE_UDR,1
RE_ESS,FIN_USB,1
RE_ESS,RE_VTR,1
RE_ESS,RE_WELL,1
RE_ESS,FIN_WFC,1
RE_ESS,RE_WY,1
IND_ETN,FIN_BEN,1
IND_ETN,IND_GE,1
IND_ETN,CD_GPC,1
IND_ETN,FIN_GS,1
IND_ETN,IND_HON,1
IND_ETN,IND_HUBB,1
IND_ETN,IND_IEX,1
IND_ETN,IND_ITW,1
IND_ETN,MAT_IP,1
IND_ETN,FIN_IVZ,1
IND_ETN,IND_J,1
IND_ETN,FIN_JPM,1
IND_ETN,FIN_L,1
IND_ETN,MAT_LIN,1
IND_ETN,CD_MAR,1
IND_ETN,IND_MAS,1
IND_ETN,MAT_MLM,1
IND_ETN,FIN_MS,1
IND_ETN,IND_NDSN,1
IND_ETN,IND_NSC,1
IND_ETN,FIN_NTRS,1
IND_ETN,MAT_NUE,1
IND_ETN,IND_PCAR,1
IND_ETN,IND_PH,1
IND_ETN,IND_PNR,1
IND_ETN,MAT_PPG,1
IND_ETN,FIN_RJF,1
IND_ETN,IND_ROK,1
IND_ETN,IND_RTX,1
IND_ETN,IT_ROP,1
IND_ETN,IND_SNA,1
IND_ETN,MAT_STLD,1
IND_ETN,IND_SWK,1
IND_ETN,FIN_TROW,1
IND_ETN,IND_TT,1
IND_ETN,IND_TXT,1
IND_ETN,IND_GWW,1
IND_ETN,FIN_TFC,1
IND_ETN,IND_UNP,1
IND_ETN,IND_URI,1
IND_ETN,MAT_VMC,1
IND_ETN,IND_WAB,1
IND_ETN,RE_WY,1
UTL_ETR,UTL_EVRG,1
UTL_ETR,UTL_EXC,1
UTL_ETR,UTL_FE,1
UTL_ETR,UTL_NEE,1
UTL_ETR,UTL_NI,1
UTL_ETR,UTL_PEG,1
UTL_ETR,UTL_PNW,1
UTL_ETR,UTL_PPL,1
UTL_ETR,UTL_SO,1
UTL_ETR,UTL_SRE,1
UTL_ETR,UTL_WEC,1
UTL_ETR,UTL_XEL,1
UTL_EVRG,UTL_EXC,1
UTL_EVRG,UTL_FE,1
UTL_EVRG,UTL_NEE,1
UTL_EVRG,UTL_NI,1
UTL_EVRG,UTL_PEG,1
UTL_EVRG,UTL_PNW,1
UTL_EVRG,UTL_PPL,1
UTL_EVRG,UTL_SO,1
UTL_EVRG,UTL_SRE,1
UTL_EVRG,UTL_WEC,1
UTL_EVRG,UTL_XEL,1
UTL_EXC,UTL_FE,1
UTL_EXC,UTL_NEE,1
UTL_EXC,UTL_NI,1
UTL_EXC,UTL_PEG,1
UTL_EXC,UTL_PNW,1
UTL_EXC,UTL_PPL,1
UTL_EXC,UTL_SO,1
UTL_EXC,UTL_SRE,1
UTL_EXC,UTL_WEC,1
UTL_EXC,UTL_XEL,1
IND_EXPD,IND_FDX,1
IND_EXPD,IND_JBHT,1
IND_EXPD,IND_PCAR,1
IND_EXPD,FIN_TROW,1
IND_FAST,FIN_BEN,1
IND_FAST,IND_IEX,1
IND_FAST,IND_ITW,1
IND_FAST,IND_PCAR,1
IND_FAST,IND_PH,1
IND_FAST,FIN_TROW,1
IND_FAST,IND_GWW,1
IND_FDX,FIN_BEN,1
IND_FDX,IND_ITW,1
IND_FDX,IND_JBHT,1
IND_FDX,IND_NSC,1
IND_FDX,IND_PCAR,1
IND_FDX,IND_PH,1
IND_FDX,MAT_PPG,1
IND_FDX,IND_SWK,1
IND_FDX,FIN_TROW,1
IND_FDX,IND_UNP,1
IND_FDX,IND_UPS,1
UTL_FE,UTL_NEE,1
UTL_FE,UTL_NI,1
UTL_FE,UTL_PEG,1
UTL_FE,UTL_PNW,1
UTL_FE,UTL_PPL,1
UTL_FE,UTL_SO,1
UTL_FE,UTL_SRE,1
UTL_FE,UTL_WEC,1
UTL_FE,UTL_XEL,1
FIN_FITB,RE_FRT,1
FIN_FITB,FIN_BEN,1
FIN_FITB,FIN_GL,1
FIN_FITB,FIN_GS,1
FIN_FITB,FIN_HBAN,1
FIN_FITB,RE_HST,1
FIN_FITB,FIN_IVZ,1
FIN_FITB,FIN_JPM,1
FIN_FITB,FIN_KEY,1
FIN_FITB,RE_KIM,1
FIN_FITB,FIN_L,1
FIN_FITB,FIN_MTB,1
FIN_FITB,FIN_MS,1
FIN_FITB,FIN_NTRS,1
FIN_FITB,FIN_PNC,1
FIN_FITB,RE_REG,1
FIN_FITB,FIN_RF,1
FIN_FITB,FIN_RJF,1
FIN_FITB,RE_SPG,1
FIN_FITB,FIN_TROW,1
FIN_FITB,IND_TXT,1
FIN_FITB,FIN_TFC,1
FIN_FITB,RE_UDR,1
FIN_FITB,FIN_USB,1
FIN_FITB,FIN_WFC,1
RE_FRT,FIN_BEN,1
RE_FRT,RE_DOC,1
RE_FRT,RE_HST,1
RE_FRT,FIN_IVZ,1
RE_FRT,FIN_JPM,1
RE_FRT,FIN_KEY,1
RE_FRT,RE_KIM,1
RE_FRT,FIN_L,1
RE_FRT,CD_MAR,1
RE_FRT,FIN_MTB,1
RE_FRT,RE_MAA,1
RE_FRT,FIN_NTRS,1
RE_FRT,RE_O,1
RE_FRT,RE_PLD,1
RE_FRT,FIN_PNC,1
RE_FRT,RE_PSA,1
RE_FRT,RE_REG,1
RE_FRT,FIN_RF,1
RE_FRT,FIN_RJF,1
RE_FRT,RE_SPG,1
RE_FRT,FIN_TROW,1
RE_FRT,FIN_TFC,1
RE_FRT,RE_UDR,1
RE_FRT,FIN_USB,1
RE_FRT,RE_VTR,1
RE_FRT,RE_WELL,1
RE_FRT,FIN_WFC,1
RE_FRT,RE_WY,1
ENE_XOM,ENE_HAL,1
ENE_XOM,FIN_L,1
ENE_XOM,MAT_NUE,1
ENE_XOM,ENE_OXY,1
ENE_XOM,ENE_OKE,1
ENE_XOM,IND_PH,1
ENE_XOM,ENE_SLB,1
ENE_XOM,ENE_VLO,1
FIN_BEN,IND_GE,1
FIN_BEN,FIN_GL,1
FIN_BEN,CD_GPC,1
FIN_BEN,FIN_GS,1
FIN_BEN,FIN_HBAN,1
FIN_BEN,CD_HD,1
FIN_BEN,IND_HON,1
FIN_BEN,RE_HST,1
FIN_BEN,IND_HUBB,1
FIN_BEN,IND_IEX,1
FIN_BEN,IND_ITW,1
FIN_BEN,MAT_IP,1
FIN_BEN,FIN_IVZ,1
FIN_BEN,IND_J,1
FIN_BEN,FIN_JPM,1
FIN_BEN,FIN_KEY,1
FIN_BEN,RE_KIM,1
FIN_BEN,FIN_L,1
FIN_BEN,MAT_LIN,1
FIN_BEN,CD_MAR,1
FIN_BEN,FIN_MRSH,1
FIN_BEN,FIN_MTB,1
FIN_BEN,RE_MAA,1
FIN_BEN,IND_MAS,1
FIN_BEN,FIN_MCO,1
FIN_BEN,MAT_MLM,1
FIN_BEN,FIN_MS,1
FIN_BEN,IND_NDSN,1
FIN_BEN,IND_NSC,1
FIN_BEN,FIN_NTRS,1
FIN_BEN,MAT_NUE,1
FIN_BEN,CS_OMC,1
FIN_BEN,IND_PCAR,1
FIN_BEN,IND_PH,1
FIN_BEN,CD_PHM,1
FIN_BEN,RE_PLD,1
FIN_BEN,FIN_PNC,1
FIN_BEN,IND_PNR,1
FIN_BEN,MAT_PPG,1
FIN_BEN,RE_REG,1
FIN_BEN,FIN_RF,1
FIN_BEN,FIN_RJF,1
FIN_BEN,IND_ROK,1
FIN_BEN,IND_RTX,1
FIN_BEN,IT_ROP,1
FIN_BEN,IND_SNA,1
FIN_BEN,RE_SPG,1
FIN_BEN,IND_SWK,1
FIN_BEN,FIN_TROW,1
FIN_BEN,IND_TT,1
FIN_BEN,IND_TXT,1
FIN_BEN,CS_DIS,1
FIN_BEN,FIN_TFC,1
FIN_BEN,FIN_TRV,1
FIN_BEN,RE_UDR,1
FIN_BEN,IND_UNP,1
FIN_BEN,FIN_USB,1
FIN_BEN,MAT_VMC,1
FIN_BEN,IND_WAB,1
FIN_BEN,FIN_WFC,1
FIN_BEN,RE_WY,1
RE_DOC,RE_HST,1
RE_DOC,FIN_JPM,1
RE_DOC,RE_KIM,1
RE_DOC,RE_MAA,1
RE_DOC,RE_O,1
RE_DOC,RE_PLD,1
RE_DOC,FIN_PNC,1
RE_DOC,RE_PSA,1
RE_DOC,RE_REG,1
RE_DOC,RE_SPG,1
RE_DOC,FIN_TROW,1
RE_DOC,FIN_TFC,1
RE_DOC,RE_UDR,1
RE_DOC,FIN_USB,1
RE_DOC,RE_VTR,1
RE_DOC,RE_WELL,1
RE_DOC,FIN_WFC,1
RE_DOC,RE_WY,1
MAT_FCX,MAT_MOS,1
MAT_FCX,MAT_NUE,1
MAT_FCX,ENE_SLB,1
MAT_FCX,MAT_STLD,1
IND_GD,IND_HON,1
IND_GD,IND_ITW,1
IND_GD,IND_LMT,1
IND_GD,IND_NOC,1
IND_GD,IND_PH,1
IND_GD,IND_RTX,1
IND_GE,FIN_GS,1
IND_GE,IND_HON,1
IND_GE,RE_HST,1
IND_GE,IND_ITW,1
IND_GE,FIN_IVZ,1
IND_GE,FIN_JPM,1
IND_GE,FIN_KEY,1
IND_GE,FIN_L,1
IND_GE,CD_MAR,1
IND_GE,FIN_MTB,1
IND_GE,FIN_MS,1
IND_GE,FIN_NTRS,1
IND_GE,IND_PCAR,1
IND_GE,IND_PH,1
IND_GE,FIN_PNC,1
IND_GE,MAT_PPG,1
IND_GE,FIN_RJF,1
IND_GE,IND_RTX,1
IND_GE,IND_SNA,1
IND_GE,IND_SWK,1
IND_GE,FIN_TROW,1
IND_GE,IND_TT,1
IND_GE,IND_TXT,1
IND_GE,FIN_TFC,1
IND_GE,FIN_USB,1
IND_GE,FIN_WFC,1
IND_GE,RE_WY,1
FIN_GL,FIN_GS,1
FIN_GL,FIN_HBAN,1
FIN_GL,FIN_HIG,1
FIN_GL,FIN_IVZ,1
FIN_GL,FIN_JPM,1
FIN_GL,FIN_KEY,1
FIN_GL,FIN_L,1
FIN_GL,FIN_MTB,1
FIN_GL,FIN_MS,1
FIN_GL,FIN_NTRS,1
FIN_GL,FIN_PNC,1
FIN_GL,FIN_RF,1
FIN_GL,FIN_RJF,1
FIN_GL,FIN_TROW,1
FIN_GL,FIN_TFC,1
FIN_GL,FIN_TRV,1
FIN_GL,FIN_USB,1
FIN_GL,FIN_WFC,1
CD_GPC,IND_HON,1
CD_GPC,IND_HUBB,1
CD_GPC,IND_IEX,1
CD_GPC,IND_ITW,1
CD_GPC,IND_MAS,1
CD_GPC,IND_NSC,1
CD_GPC,IND_PCAR,1
CD_GPC,IND_PH,1
CD_GPC,IND_PNR,1
CD_GPC,MAT_PPG,1
CD_GPC,IND_ROK,1
CD_GPC,IND_RTX,1
CD_GPC,IND_SNA,1
CD_GPC,IND_SWK,1
CD_GPC,FIN_TROW,1
CD_GPC,IND_TT,1
CD_GPC,IND_GWW,1
CD_GPC,IND_UNP,1
CD_GPC,RE_WY,1
FIN_GS,FIN_HBAN,1
FIN_GS,FIN_HIG,1
FIN_GS,IND_HON,1
FIN_GS,RE_HST,1
FIN_GS,IND_ITW,1
FIN_GS,MAT_IP,1
FIN_GS,FIN_IVZ,1
FIN_GS,FIN_JPM,1
FIN_GS,FIN_KEY,1
FIN_GS,FIN_L,1
FIN_GS,CD_MAR,1
FIN_GS,FIN_MTB,1
FIN_GS,FIN_MS,1
FIN_GS,FIN_NTRS,1
FIN_GS,IND_PCAR,1
FIN_GS,IND_PH,1
FIN_GS,FIN_PNC,1
FIN_GS,MAT_PPG,1
FIN_GS,FIN_RF,1
FIN_GS,FIN_RJF,1
FIN_GS,IND_ROK,1
FIN_GS,IND_SNA,1
FIN_GS,IND_SWK,1
FIN_GS,FIN_TROW,1
FIN_GS,IND_TT,1
FIN_GS,IND_TXT,1
FIN_GS,CS_DIS,1
FIN_GS,FIN_TFC,1
FIN_GS,FIN_USB,1
FIN_GS,FIN_WFC,1
FIN_GS,RE_WY,1
ENE_HAL,ENE_OXY,1
ENE_HAL,ENE_OKE,1
ENE_HAL,ENE_SLB,1
ENE_HAL,ENE_VLO,1
FIN_HBAN,RE_HST,1
FIN_HBAN,FIN_IVZ,1
FIN_HBAN,FIN_JPM,1
FIN_HBAN,FIN_KEY,1
FIN_HBAN,RE_KIM,1
FIN_HBAN,FIN_L,1
FIN_HBAN,FIN_MTB,1
FIN_HBAN,FIN_MS,1
FIN_HBAN,FIN_NTRS,1
FIN_HBAN,FIN_PNC,1
FIN_HBAN,FIN_RF,1
FIN_HBAN,FIN_RJF,1
FIN_HBAN,FIN_TROW,1
FIN_HBAN,FIN_TFC,1
FIN_HBAN,FIN_USB,1
FIN_HBAN,FIN_WFC,1
CD_HD,IND_ITW,1
CD_HD,CD_LOW,1
CD_HD,IND_MAS,1
CD_HD,IND_PH,1
CD_HD,CD_PHM,1
CD_HD,MAT_PPG,1
CD_HD,MAT_SHW,1
CD_HD,IND_SWK,1
CD_HD,CST_TGT,1
CD_HD,CD_TJX,1
CD_HD,FIN_TROW,1
CD_HD,RE_WY,1
FIN_HIG,FIN_JPM,1
FIN_HIG,FIN_KEY,1
FIN_HIG,FIN_L,1
FIN_HIG,FIN_MTB,1
FIN_HIG,FIN_MS,1
FIN_HIG,FIN_PNC,1
FIN_HIG,FIN_TFC,1
FIN_HIG,FIN_TRV,1
FIN_HIG,FIN_USB,1
FIN_HIG,FIN_WFC,1
IND_HON,IND_HUBB,1
IND_HON,IND_IEX,1
IND_HON,IND_ITW,1
IND_HON,MAT_IP,1
IND_HON,FIN_IVZ,1
IND_HON,IND_J,1
IND_HON,FIN_JPM,1
IND_HON,FIN_L,1
IND_HON,MAT_LIN,1
IND_HON,CD_MAR,1
IND_HON,FIN_MS,1
IND_HON,IND_NDSN,1
IND_HON,IND_NSC,1
IND_HON,FIN_NTRS,1
IND_HON,IND_PCAR,1
IND_HON,IND_PH,1
IND_HON,IND_PNR,1
IND_HON,MAT_PPG,1
IND_HON,FIN_RJF,1
IND_HON,IND_ROK,1
IND_HON,IND_RTX,1
IND_HON,IT_ROP,1
IND_HON,IND_SNA,1
IND_HON,IND_SWK,1
IND_HON,FIN_TROW,1
IND_HON,IND_TT,1
IND_HON,IND_TXT,1
IND_HON,CS_DIS,1
IND_HON,IND_UNP,1
IND_HON,RE_WY,1
IT_HPQ,IT_TXN,1
RE_HST,IND_ITW,1
RE_HST,MAT_IP,1
RE_HST,FIN_IVZ,1
RE_HST,FIN_JPM,1
RE_HST,FIN_KEY,1
RE_HST,RE_KIM,1
RE_HST,FIN_L,1
RE_HST,CD_MAR,1
RE_HST,FIN_MTB,1
RE_HST,RE_MAA,1
RE_HST,CD_MGM,1
RE_HST,FIN_MS,1
RE_HST,FIN_NTRS,1
RE_HST,RE_O,1
RE_HST,IND_PCAR,1
RE_HST,IND_PH,1
RE_HST,RE_PLD,1
RE_HST,FIN_PNC,1
RE_HST,MAT_PPG,1
RE_HST,RE_PSA,1
RE_HST,RE_REG,1
RE_HST,FIN_RF,1
RE_HST,FIN_RJF,1
RE_HST,IND_RTX,1
RE_HST,CD_RCL,1
RE_HST,IND_SNA,1
RE_HST,RE_SPG,1
RE_HST,IND_SWK,1
RE_HST,FIN_TROW,1
RE_HST,IND_TXT,1
RE_HST,CS_DIS,1
RE_HST,FIN_TFC,1
RE_HST,RE_UDR,1
RE_HST,FIN_USB,1
RE_HST,RE_VTR,1
RE_HST,RE_WELL,1
RE_HST,FIN_WFC,1
RE_HST,RE_WY,1
IND_HUBB,IND_IEX,1
IND_HUBB,IND_ITW,1
IND_HUBB,IND_J,1
IND_HUBB,CD_MAR,1
IND_HUBB,IND_NDSN,1
IND_HUBB,IND_PCAR,1
IND_HUBB,IND_PH,1
IND_HUBB,IND_PNR,1
IND_HUBB,MAT_PPG,1
IND_HUBB,FIN_RJF,1
IND_HUBB,IND_ROK,1
IND_HUBB,IND_RTX,1
IND_HUBB,IT_ROP,1
IND_HUBB,IND_SNA,1
IND_HUBB,IND_SWK,1
IND_HUBB,FIN_TROW,1
IND_HUBB,IND_TT,1
HC_HUM,HC_UNH,1
IND_IEX,IND_ITW,1
IND_IEX,MAT_IP,1
IND_IEX,FIN_IVZ,1
IND_IEX,IND_J,1
IND_IEX,FIN_JPM,1
IND_IEX,FIN_L,1
IND_IEX,MAT_LIN,1
IND_IEX,IND_MAS,1
IND_IEX,FIN_MS,1
IND_IEX,IND_NDSN,1
IND_IEX,IND_NSC,1
IND_IEX,MAT_NUE,1
IND_IEX,IND_PCAR,1
IND_IEX,IND_PH,1
IND_IEX,IND_PNR,1
IND_IEX,MAT_PPG,1
IND_IEX,FIN_RJF,1
IND_IEX,IND_ROK,1
IND_IEX,IND_RTX,1
IND_IEX,IT_ROP,1
IND_IEX,IND_SNA,1
IND_IEX,MAT_STLD,1
IND_IEX,IND_SWK,1
IND_IEX,FIN_TROW,1
IND_IEX,IND_TT,1
IND_IEX,IND_TXT,1
IND_IEX,IND_GWW,1
IND_IEX,IND_UNP,1
IND_IEX,IND_URI,1
IND_IEX,MAT_VMC,1
IND_IEX,IND_WAB,1
IND_IEX,RE_WY,1
IND_ITW,MAT_IP,1
IND_ITW,FIN_IVZ,1
IND_ITW,IND_J,1
IND_ITW,FIN_JPM,1
IND_ITW,FIN_L,1
IND_ITW,MAT_LIN,1
IND_ITW,CD_LOW,1
IND_ITW,CD_MAR,1
IND_ITW,FIN_MTB,1
IND_ITW,IND_MAS,1
IND_ITW,FIN_MCO,1
IND_ITW,MAT_MLM,1
IND_ITW,FIN_MS,1
IND_ITW,IND_NDSN,1
IND_ITW,IND_NSC,1
IND_ITW,FIN_NTRS,1
IND_ITW,MAT_NUE,1
IND_ITW,CS_OMC,1
IND_ITW,IND_PAYX,1
IND_ITW,IND_PCAR,1
IND_ITW,IND_PH,1
IND_ITW,FIN_PNC,1
IND_ITW,IND_PNR,1
IND_ITW,MAT_PPG,1
IND_ITW,FIN_RJF,1
IND_ITW,IND_ROK,1
IND_ITW,IND_RTX,1
IND_ITW,IT_ROP,1
IND_ITW,MAT_SHW,1
IND_ITW,IND_SNA,1
IND_ITW,FIN_SPGI,1
IND_ITW,MAT_STLD,1
IND_ITW,IND_SWK,1
IND_ITW,FIN_TROW,1
IND_ITW,IND_TT,1
IND_ITW,IND_TXT,1
IND_ITW,CS_DIS,1
IND_ITW,IND_GWW,1
IND_ITW,FIN_TFC,1
IND_ITW,IND_UNP,1
IND_ITW,IND_UPS,1
IND_ITW,IND_URI,1
IND_ITW,FIN_USB,1
IND_ITW,MAT_VMC,1
IND_ITW,IND_WAB,1
IND_ITW,RE_WY,1
MAT_IFF,MAT_PPG,1
IT_INTC,IT_KLAC,1
IT_INTC,IT_LRCX,1
IT_INTC,IT_MCHP,1
IT_INTC,IT_MSFT,1
IT_INTC,IT_MU,1
IT_INTC,IT_TER,1
IT_INTC,IT_TXN,1
IT_INTU,IT_MSFT,1
MAT_IP,FIN_IVZ,1
MAT_IP,FIN_JPM,1
MAT_IP,FIN_L,1
MAT_IP,MAT_LIN,1
MAT_IP,IND_MAS,1
MAT_IP,FIN_MS,1
MAT_IP,FIN_NTRS,1
MAT_IP,MAT_NUE,1
MAT_IP,IND_PCAR,1
MAT_IP,IND_PH,1
MAT_IP,FIN_PNC,1
MAT_IP,MAT_PPG,1
MAT_IP,FIN_RJF,1
MAT_IP,IND_ROK,1
MAT_IP,IND_SNA,1
MAT_IP,IND_SWK,1
MAT_IP,FIN_TROW,1
MAT_IP,IND_TT,1
MAT_IP,IND_TXT,1
MAT_IP,FIN_TFC,1
MAT_IP,IND_UNP,1
MAT_IP,FIN_USB,1
MAT_IP,FIN_WFC,1
MAT_IP,RE_WY,1
FIN_IVZ,IND_J,1
FIN_IVZ,FIN_JPM,1
FIN_IVZ,FIN_KEY,1
FIN_IVZ,RE_KIM,1
FIN_IVZ,FIN_L,1
FIN_IVZ,MAT_LIN,1
FIN_IVZ,CD_MAR,1
FIN_IVZ,FIN_MTB,1
FIN_IVZ,IND_MAS,1
FIN_IVZ,FIN_MS,1
FIN_IVZ,IND_NDSN,1
FIN_IVZ,FIN_NTRS,1
FIN_IVZ,IND_PCAR,1
FIN_IVZ,IND_PH,1
FIN_IVZ,RE_PLD,1
FIN_IVZ,FIN_PNC,1
FIN_IVZ,IND_PNR,1
FIN_IVZ,MAT_PPG,1
FIN_IVZ,RE_REG,1
FIN_IVZ,FIN_RF,1
FIN_IVZ,FIN_RJF,1
FIN_IVZ,IND_ROK,1
FIN_IVZ,IND_RTX,1
FIN_IVZ,IND_SNA,1
FIN_IVZ,RE_SPG,1
FIN_IVZ,IND_SWK,1
FIN_IVZ,FIN_TROW,1
FIN_IVZ,IND_TT,1
FIN_IVZ,IND_TXT,1
FIN_IVZ,CS_DIS,1
FIN_IVZ,FIN_TFC,1
FIN_IVZ,IND_UNP,1
FIN_IVZ,FIN_USB,1
FIN_IVZ,FIN_WFC,1
FIN_IVZ,RE_WY,1
IND_J,FIN_L,1
IND_J,MAT_LIN,1
IND_J,MAT_MLM,1
IND_J,FIN_MS,1
IND_J,IND_NDSN,1
IND_J,FIN_NTRS,1
IND_J,MAT_NUE,1
IND_J,IND_PCAR,1
IND_J,IND_PH,1
IND_J,IND_PNR,1
IND_J,MAT_PPG,1
IND_J,FIN_RJF,1
IND_J,IND_ROK,1
IND_J,IT_ROP,1
IND_J,IND_SNA,1
IND_J,MAT_STLD,1
IND_J,IND_SWK,1
IND_J,FIN_TROW,1
IND_J,IND_TT,1
IND_J,IND_TXT,1
IND_J,IND_UNP,1
IND_J,MAT_VMC,1
IND_J,RE_WY,1
IT_JBL,IT_KLAC,1
IT_JBL,IT_LRCX,1
IT_JBL,IT_MCHP,1
IT_JBL,IT_TER,1
IT_JBL,IT_TXN,1
HC_JNJ,HC_MRK,1
HC_JNJ,HC_PFE,1
FIN_JPM,FIN_KEY,1
FIN_JPM,RE_KIM,1
FIN_JPM,FIN_L,1
FIN_JPM,CD_LEN,1
FIN_JPM,MAT_LIN,1
FIN_JPM,CD_MAR,1
FIN_JPM,FIN_MRSH,1
FIN_JPM,FIN_MTB,1
FIN_JPM,RE_MAA,1
FIN_JPM,IND_MAS,1
FIN_JPM,FIN_MCO,1
FIN_JPM,FIN_MS,1
FIN_JPM,IND_NDSN,1
FIN_JPM,FIN_NTRS,1
FIN_JPM,RE_O,1
FIN_JPM,IND_PCAR,1
FIN_JPM,FIN_PGR,1
FIN_JPM,IND_PH,1
FIN_JPM,RE_PLD,1
FIN_JPM,FIN_PNC,1
FIN_JPM,MAT_PPG,1
FIN_JPM,RE_PSA,1
FIN_JPM,RE_REG,1
FIN_JPM,FIN_RF,1
FIN_JPM,FIN_RJF,1
FIN_JPM,IND_ROK,1
FIN_JPM,IND_RTX,1
FIN_JPM,IND_SNA,1
FIN_JPM,RE_SPG,1
FIN_JPM,IND_SWK,1
FIN_JPM,FIN_TROW,1
FIN_JPM,IND_TT,1
FIN_JPM,IND_TXT,1
FIN_JPM,CS_DIS,1
FIN_JPM,FIN_TFC,1
FIN_JPM,FIN_TRV,1
FIN_JPM,RE_UDR,1
FIN_JPM,FIN_USB,1
FIN_JPM,FIN_WFC,1
FIN_JPM,RE_WY,1
FIN_KEY,RE_KIM,1
FIN_KEY,FIN_L,1
FIN_KEY,FIN_MTB,1
FIN_KEY,FIN_MS,1
FIN_KEY,FIN_NTRS,1
FIN_KEY,IND_PH,1
FIN_KEY,FIN_PNC,1
FIN_KEY,MAT_PPG,1
FIN_KEY,RE_REG,1
FIN_KEY,FIN_RF,1
FIN_KEY,FIN_RJF,1
FIN_KEY,RE_SPG,1
FIN_KEY,FIN_TROW,1
FIN_KEY,IND_TXT,1
FIN_KEY,FIN_TFC,1
FIN_KEY,FIN_TRV,1
FIN_KEY,RE_UDR,1
FIN_KEY,FIN_USB,1
FIN_KEY,FIN_WFC,1
RE_KIM,FIN_L,1
RE_KIM,CD_LEN,1
RE_KIM,CD_MAR,1
RE_KIM,FIN_MTB,1
RE_KIM,RE_MAA,1
RE_KIM,FIN_NTRS,1
RE_KIM,RE_O,1
RE_KIM,RE_PLD,1
RE_KIM,FIN_PNC,1
RE_KIM,RE_PSA,1
RE_KIM,RE_REG,1
RE_KIM,FIN_RF,1
RE_KIM,FIN_RJF,1
RE_KIM,RE_SPG,1
RE_KIM,FIN_TROW,1
RE_KIM,FIN_TFC,1
RE_KIM,RE_UDR,1
RE_KIM,FIN_USB,1
RE_KIM,RE_VTR,1
RE_KIM,RE_WELL,1
RE_KIM,FIN_WFC,1
RE_KIM,RE_WY,1
IT_KLAC,IT_LRCX,1
IT_KLAC,IT_MCHP,1
IT_KLAC,IT_MSFT,1
IT_KLAC,IT_MU,1
IT_KLAC,IT_NTAP,1
IT_KLAC,IT_NVDA,1
IT_KLAC,IT_QCOM,1
IT_KLAC,IT_SWKS,1
IT_KLAC,IT_TER,1
IT_KLAC,IT_TXN,1
CST_KMB,CST_PG,1
FIN_L,MAT_LIN,1
FIN_L,CD_MAR,1
FIN_L,FIN_MRSH,1
FIN_L,FIN_MTB,1
FIN_L,RE_MAA,1
FIN_L,FIN_MS,1
FIN_L,IND_NSC,1
FIN_L,FIN_NTRS,1
FIN_L,MAT_NUE,1
FIN_L,ENE_OXY,1
FIN_L,RE_O,1
FIN_L,ENE_OKE,1
FIN_L,IND_PCAR,1
FIN_L,FIN_PGR,1
FIN_L,IND_PH,1
FIN_L,RE_PLD,1
FIN_L,FIN_PNC,1
FIN_L,MAT_PPG,1
FIN_L,RE_REG,1
FIN_L,FIN_RF,1
FIN_L,FIN_RJF,1
FIN_L,IND_ROK,1
FIN_L,IND_RTX,1
FIN_L,ENE_SLB,1
FIN_L,IND_SNA,1
FIN_L,RE_SPG,1
FIN_L,IND_SWK,1
FIN_L,FIN_TROW,1
FIN_L,IND_TT,1
FIN_L,IND_TXT,1
FIN_L,FIN_TFC,1
FIN_L,FIN_TRV,1
FIN_L,RE_UDR,1
FIN_L,IND_UNP,1
FIN_L,FIN_USB,1
FIN_L,FIN_WFC,1
FIN_L,FIN_WRB,1
FIN_L,RE_WY,1
CD_LEN,CD_LOW,1
CD_LEN,IND_MAS,1
CD_LEN,MAT_MLM,1
CD_LEN,CD_NVR,1
CD_LEN,CD_PHM,1
CD_LEN,RE_PLD,1
CD_LEN,IND_SWK,1
CD_LEN,FIN_TROW,1
CD_LEN,MAT_VMC,1
CD_LEN,RE_WY,1
HC_LH,HC_DGX,1
MAT_LIN,IND_NDSN,1
MAT_LIN,IND_NSC,1
MAT_LIN,FIN_NTRS,1
MAT_LIN,MAT_NUE,1
MAT_LIN,IND_PCAR,1
MAT_LIN,IND_PH,1
MAT_LIN,IND_PNR,1
MAT_LIN,MAT_PPG,1
MAT_LIN,FIN_RJF,1
MAT_LIN,IND_ROK,1
MAT_LIN,IND_RTX,1
MAT_LIN,IT_ROP,1
MAT_LIN,IND_SNA,1
MAT_LIN,MAT_STLD,1
MAT_LIN,IND_SWK,1
MAT_LIN,FIN_TROW,1
MAT_LIN,IND_TT,1
MAT_LIN,IND_UNP,1
MAT_LIN,RE_WY,1
IND_LMT,IND_NOC,1
CD_LOW,IND_MAS,1
CD_LOW,IND_PH,1
CD_LOW,CD_PHM,1
CD_LOW,MAT_PPG,1
CD_LOW,MAT_SHW,1
CD_LOW,IND_SWK,1
CD_LOW,CST_TGT,1
CD_LOW,CD_TJX,1
CD_LOW,FIN_TROW,1
CD_LOW,CD_WSM,1
CD_LOW,RE_WY,1
IT_LRCX,IT_MCHP,1
IT_LRCX,IT_MU,1
IT_LRCX,IT_NTAP,1
IT_LRCX,IT_NVDA,1
IT_LRCX,IT_QCOM,1
IT_LRCX,IT_SWKS,1
IT_LRCX,IT_TER,1
IT_LRCX,IT_TXN,1
CD_MAR,FIN_MTB,1
CD_MAR,CD_MGM,1
CD_MAR,FIN_MS,1
CD_MAR,FIN_NTRS,1
CD_MAR,IND_PCAR,1
CD_MAR,IND_PH,1
CD_MAR,FIN_PNC,1
CD_MAR,MAT_PPG,1
CD_MAR,RE_REG,1
CD_MAR,FIN_RJF,1
CD_MAR,IND_ROK,1
CD_MAR,IND_RTX,1
CD_MAR,CD_RCL,1
CD_MAR,IND_SNA,1
CD_MAR,RE_SPG,1
CD_MAR,IND_SWK,1
CD_MAR,FIN_TROW,1
CD_MAR,IND_TT,1
CD_MAR,IND_TXT,1
CD_MAR,CS_DIS,1
CD_MAR,FIN_TFC,1
CD_MAR,FIN_USB,1
CD_MAR,MAT_VMC,1
CD_MAR,FIN_WFC,1
CD_MAR,RE_WY,1
FIN_MRSH,FIN_NTRS,1
FIN_MRSH,FIN_PGR,1
FIN_MRSH,FIN_TROW,1
FIN_MRSH,FIN_TRV,1
FIN_MTB,FIN_MS,1
FIN_MTB,FIN_NTRS,1
FIN_MTB,IND_PCAR,1
FIN_MTB,IND_PH,1
FIN_MTB,FIN_PNC,1
FIN_MTB,RE_REG,1
FIN_MTB,FIN_RF,1
FIN_MTB,FIN_RJF,1
FIN_MTB,IND_SNA,1
FIN_MTB,RE_SPG,1
FIN_MTB,IND_SWK,1
FIN_MTB,FIN_TROW,1
FIN_MTB,IND_TXT,1
FIN_MTB,FIN_TFC,1
FIN_MTB,FIN_TRV,1
FIN_MTB,RE_UDR,1
FIN_MTB,FIN_USB,1
FIN_MTB,FIN_WFC,1
RE_MAA,RE_O,1
RE_MAA,RE_PLD,1
RE_MAA,FIN_PNC,1
RE_MAA,RE_PSA,1
RE_MAA,RE_REG,1
RE_MAA,RE_SPG,1
RE_MAA,FIN_TROW,1
RE_MAA,FIN_TFC,1
RE_MAA,RE_UDR,1
RE_MAA,FIN_USB,1
RE_MAA,RE_VTR,1
RE_MAA,RE_WELL,1
RE_MAA,FIN_WFC,1
RE_MAA,RE_WY,1
IND_MAS,MAT_MLM,1
IND_MAS,CD_NVR,1
IND_MAS,IND_PCAR,1
IND_MAS,IND_PH,1
IND_MAS,CD_PHM,1
IND_MAS,IND_PNR,1
IND_MAS,MAT_PPG,1
IND_MAS,IND_ROK,1
IND_MAS,MAT_SHW,1
IND_MAS,IND_SNA,1
IND_MAS,IND_SWK,1
IND_MAS,FIN_TROW,1
IND_MAS,IND_TT,1
IND_MAS,IND_TXT,1
IND_MAS,MAT_VMC,1
IND_MAS,RE_WY,1
CD_MCD,CD_YUM,1
IT_MCHP,IT_MU,1
IT_MCHP,IT_NVDA,1
IT_MCHP,IT_QCOM,1
IT_MCHP,IT_SWKS,1
IT_MCHP,IT_TER,1
IT_MCHP,IT_TXN,1
FIN_MCO,FIN_MS,1
FIN_MCO,FIN_NTRS,1
FIN_MCO,RE_PLD,1
FIN_MCO,FIN_RJF,1
FIN_MCO,FIN_SPGI,1
FIN_MCO,FIN_TROW,1
HC_MDT,HC_SYK,1
CD_MGM,CD_RCL,1
MAT_MLM,IND_PH,1
MAT_MLM,CD_PHM,1
MAT_MLM,MAT_PPG,1
MAT_MLM,IND_SNA,1
MAT_MLM,IND_SWK,1
MAT_MLM,FIN_TROW,1
MAT_MLM,IND_TT,1
MAT_MLM,MAT_VMC,1
MAT_MLM,RE_WY,1
MAT_MOS,MAT_STLD,1
HC_MRK,HC_PFE,1
FIN_MS,FIN_NTRS,1
FIN_MS,IND_PCAR,1
FIN_MS,IND_PH,1
FIN_MS,FIN_PNC,1
FIN_MS,MAT_PPG,1
FIN_MS,FIN_RF,1
FIN_MS,FIN_RJF,1
FIN_MS,IND_ROK,1
FIN_MS,IND_SNA,1
FIN_MS,FIN_SPGI,1
FIN_MS,IND_SWK,1
FIN_MS,FIN_TROW,1
FIN_MS,IND_TT,1
FIN_MS,IND_TXT,1
FIN_MS,CS_DIS,1
FIN_MS,FIN_TFC,1
FIN_MS,FIN_TRV,1
FIN_MS,FIN_USB,1
FIN_MS,FIN_WFC,1
FIN_MS,RE_WY,1
IT_MSFT,IT_ORCL,1
IT_MSFT,FIN_TROW,1
IT_MSFT,IT_TXN,1
HC_MTD,HC_TMO,1
IT_MU,IT_NVDA,1
IT_MU,IT_TER,1
IT_MU,IT_TXN,1
IND_NDSN,IND_PCAR,1
IND_NDSN,IND_PH,1
IND_NDSN,IND_PNR,1
IND_NDSN,MAT_PPG,1
IND_NDSN,FIN_RJF,1
IND_NDSN,IND_ROK,1
IND_NDSN,IT_ROP,1
IND_NDSN,IND_SNA,1
IND_NDSN,IND_SWK,1
IND_NDSN,FIN_TROW,1
IND_NDSN,IND_TT,1
IND_NDSN,RE_WY,1
UTL_NEE,UTL_NI,1
UTL_NEE,UTL_PEG,1
UTL_NEE,UTL_PNW,1
UTL_NEE,UTL_PPL,1
UTL_NEE,UTL_SO,1
UTL_NEE,UTL_SRE,1
UTL_NEE,UTL_WEC,1
UTL_NEE,UTL_XEL,1
UTL_NI,UTL_PEG,1
UTL_NI,UTL_PNW,1
UTL_NI,UTL_PPL,1
UTL_NI,UTL_SO,1
UTL_NI,UTL_SRE,1
UTL_NI,UTL_WEC,1
UTL_NI,UTL_XEL,1
IND_NSC,MAT_NUE,1
IND_NSC,IND_PCAR,1
IND_NSC,IND_PH,1
IND_NSC,MAT_PPG,1
IND_NSC,IND_ROK,1
IND_NSC,IND_SNA,1
IND_NSC,IND_SWK,1
IND_NSC,FIN_TROW,1
IND_NSC,IND_TT,1
IND_NSC,IND_UNP,1
IND_NSC,RE_WY,1
IT_NTAP,IT_TXN,1
FIN_NTRS,IND_PCAR,1
FIN_NTRS,FIN_PGR,1
FIN_NTRS,IND_PH,1
FIN_NTRS,RE_PLD,1
FIN_NTRS,FIN_PNC,1
FIN_NTRS,MAT_PPG,1
FIN_NTRS,RE_REG,1
FIN_NTRS,FIN_RF,1
FIN_NTRS,FIN_RJF,1
FIN_NTRS,IND_RTX,1
FIN_NTRS,IND_SNA,1
FIN_NTRS,RE_SPG,1
FIN_NTRS,IND_SWK,1
FIN_NTRS,FIN_TROW,1
FIN_NTRS,IND_TT,1
FIN_NTRS,IND_TXT,1
FIN_NTRS,FIN_TFC,1
FIN_NTRS,FIN_TRV,1
FIN_NTRS,RE_UDR,1
FIN_NTRS,FIN_USB,1
FIN_NTRS,FIN_WFC,1
FIN_NTRS,RE_WY,1
MAT_NUE,IND_PCAR,1
MAT_NUE,IND_PH,1
MAT_NUE,MAT_PPG,1
MAT_NUE,FIN_RJF,1
MAT_NUE,IND_ROK,1
MAT_NUE,MAT_STLD,1
MAT_NUE,FIN_TROW,1
MAT_NUE,IND_TT,1
MAT_NUE,IND_UNP,1
MAT_NUE,RE_WY,1
IT_NVDA,IT_TER,1
IT_NVDA,IT_TXN,1
CD_NVR,CD_PHM,1
ENE_OXY,ENE_OKE,1
ENE_OXY,ENE_SLB,1
ENE_OXY,ENE_VLO,1
RE_O,RE_PLD,1
RE_O,FIN_PNC,1
RE_O,RE_PSA,1
RE_O,RE_REG,1
RE_O,RE_SPG,1
RE_O,FIN_TFC,1
RE_O,RE_UDR,1
RE_O,RE_VTR,1
RE_O,RE_WELL,1
RE_O,FIN_WFC,1
RE_O,RE_WY,1
ENE_OKE,ENE_SLB,1
CS_OMC,IND_PH,1
CS_OMC,FIN_TROW,1
CS_OMC,CS_DIS,1
IND_PAYX,FIN_TROW,1
IND_PCAR,IND_PH,1
IND_PCAR,FIN_PNC,1
IND_PCAR,IND_PNR,1
IND_PCAR,MAT_PPG,1
IND_PCAR,FIN_RJF,1
IND_PCAR,IND_ROK,1
IND_PCAR,IND_RTX,1
IND_PCAR,IT_ROP,1
IND_PCAR,IND_SNA,1
IND_PCAR,MAT_STLD,1
IND_PCAR,IND_SWK,1
IND_PCAR,FIN_TROW,1
IND_PCAR,IND_TT,1
IND_PCAR,IND_TXT,1
IND_PCAR,IND_GWW,1
IND_PCAR,FIN_TFC,1
IND_PCAR,IND_UNP,1
IND_PCAR,FIN_USB,1
IND_PCAR,IND_WAB,1
IND_PCAR,FIN_WFC,1
IND_PCAR,RE_WY,1
UTL_PEG,UTL_PNW,1
UTL_PEG,UTL_PPL,1
UTL_PEG,UTL_SO,1
UTL_PEG,UTL_SRE,1
UTL_PEG,UTL_WEC,1
UTL_PEG,UTL_XEL,1
CST_PEP,CST_PG,1
FIN_PGR,FIN_TRV,1
FIN_PGR,FIN_WRB,1
IND_PH,FIN_PNC,1
IND_PH,IND_PNR,1
IND_PH,MAT_PPG,1
IND_PH,FIN_RJF,1
IND_PH,IND_ROK,1
IND_PH,IND_RTX,1
IND_PH,CD_RCL,1
IND_PH,IT_ROP,1
IND_PH,IND_SNA,1
IND_PH,MAT_STLD,1
IND_PH,IND_SWK,1
IND_PH,FIN_TROW,1
IND_PH,IND_TT,1
IND_PH,IND_TXT,1
IND_PH,CS_DIS,1
IND_PH,IND_GWW,1
IND_PH,FIN_TFC,1
IND_PH,IND_UNP,1
IND_PH,IND_URI,1
IND_PH,FIN_USB,1
IND_PH,MAT_VMC,1
IND_PH,IND_WAB,1
IND_PH,FIN_WFC,1
IND_PH,RE_WY,1
CD_PHM,IND_SWK,1
CD_PHM,FIN_TROW,1
CD_PHM,MAT_VMC,1
CD_PHM,RE_WY,1
RE_PLD,FIN_PNC,1
RE_PLD,RE_PSA,1
RE_PLD,RE_REG,1
RE_PLD,FIN_RJF,1
RE_PLD,RE_SPG,1
RE_PLD,FIN_TROW,1
RE_PLD,FIN_TFC,1
RE_PLD,RE_UDR,1
RE_PLD,FIN_USB,1
RE_PLD,RE_VTR,1
RE_PLD,RE_WELL,1
RE_PLD,FIN_WFC,1
RE_PLD,RE_WY,1
FIN_PNC,MAT_PPG,1
FIN_PNC,RE_REG,1
FIN_PNC,FIN_RF,1
FIN_PNC,FIN_RJF,1
FIN_PNC,IND_SNA,1
FIN_PNC,RE_SPG,1
FIN_PNC,IND_SWK,1
FIN_PNC,FIN_TROW,1
FIN_PNC,IND_TXT,1
FIN_PNC,FIN_TFC,1
FIN_PNC,FIN_TRV,1
FIN_PNC,RE_UDR,1
FIN_PNC,FIN_USB,1
FIN_PNC,FIN_WFC,1
FIN_PNC,RE_WY,1
IND_PNR,MAT_PPG,1
IND_PNR,IND_ROK,1
IND_PNR,IND_SNA,1
IND_PNR,IND_SWK,1
IND_PNR,FIN_TROW,1
IND_PNR,IND_TT,1
IND_PNR,RE_WY,1
UTL_PNW,UTL_PPL,1
UTL_PNW,UTL_SO,1
UTL_PNW,UTL_SRE,1
UTL_PNW,UTL_WEC,1
UTL_PNW,UTL_XEL,1
MAT_PPG,FIN_RJF,1
MAT_PPG,IND_ROK,1
MAT_PPG,IND_RTX,1
MAT_PPG,IT_ROP,1
MAT_PPG,MAT_SHW,1
MAT_PPG,IND_SNA,1
MAT_PPG,FIN_SPGI,1
MAT_PPG,MAT_STLD,1
MAT_PPG,IND_SWK,1
MAT_PPG,FIN_TROW,1
MAT_PPG,IND_TT,1
MAT_PPG,IND_TXT,1
MAT_PPG,IND_GWW,1
MAT_PPG,FIN_TFC,1
MAT_PPG,IND_UNP,1
MAT_PPG,FIN_USB,1
MAT_PPG,MAT_VMC,1
MAT_PPG,IND_WAB,1
MAT_PPG,FIN_WFC,1
MAT_PPG,RE_WY,1
UTL_PPL,UTL_SO,1
UTL_PPL,UTL_SRE,1
UTL_PPL,UTL_WEC,1
UTL_PPL,UTL_XEL,1
RE_PSA,RE_REG,1
RE_PSA,RE_SPG,1
RE_PSA,FIN_TROW,1
RE_PSA,RE_UDR,1
RE_PSA,RE_VTR,1
RE_PSA,RE_WELL,1
RE_PSA,FIN_WFC,1
IT_QCOM,IT_TXN,1
RE_REG,FIN_RF,1
RE_REG,FIN_RJF,1
RE_REG,RE_SPG,1
RE_REG,FIN_TROW,1
RE_REG,FIN_TFC,1
RE_REG,RE_UDR,1
RE_REG,FIN_USB,1
RE_REG,RE_VTR,1
RE_REG,RE_WELL,1
RE_REG,FIN_WFC,1
RE_REG,RE_WY,1
FIN_RF,FIN_RJF,1
FIN_RF,RE_SPG,1
FIN_RF,FIN_TROW,1
FIN_RF,FIN_TFC,1
FIN_RF,RE_UDR,1
FIN_RF,FIN_USB,1
FIN_RF,FIN_WFC,1
FIN_RJF,IND_ROK,1
FIN_RJF,IND_RTX,1
FIN_RJF,IT_ROP,1
FIN_RJF,IND_SNA,1
FIN_RJF,RE_SPG,1
FIN_RJF,IND_SWK,1
FIN_RJF,FIN_TROW,1
FIN_RJF,IND_TT,1
FIN_RJF,IND_TXT,1
FIN_RJF,CS_DIS,1
FIN_RJF,FIN_TFC,1
FIN_RJF,FIN_TRV,1
FIN_RJF,RE_UDR,1
FIN_RJF,IND_UNP,1
FIN_RJF,FIN_USB,1
FIN_RJF,IND_WAB,1
FIN_RJF,FIN_WFC,1
FIN_RJF,RE_WY,1
IND_ROK,IND_RTX,1
IND_ROK,IT_ROP,1
IND_ROK,IND_SNA,1
IND_ROK,IND_SWK,1
IND_ROK,FIN_TROW,1
IND_ROK,IND_TT,1
IND_ROK,IND_TXT,1
IND_ROK,IND_GWW,1
IND_ROK,IND_UNP,1
IND_ROK,RE_WY,1
IND_RSG,IND_WM,1
IND_RTX,IND_SNA,1
IND_RTX,IND_SWK,1
IND_RTX,FIN_TROW,1
IND_RTX,IND_TT,1
IND_RTX,IND_TXT,1
IND_RTX,FIN_TFC,1
IND_RTX,IND_UNP,1
IND_RTX,RE_WY,1
HC_RVTY,HC_TMO,1
HC_RVTY,HC_WAT,1
IT_ROP,IND_SNA,1
IT_ROP,FIN_TROW,1
IT_ROP,IND_TT,1
CD_ROST,CD_TJX,1
MAT_SHW,IND_SWK,1
ENE_SLB,ENE_VLO,1
IND_SNA,IND_SWK,1
IND_SNA,FIN_TROW,1
IND_SNA,IND_TT,1
IND_SNA,IND_TXT,1
IND_SNA,FIN_TFC,1
IND_SNA,IND_UNP,1
IND_SNA,FIN_USB,1
IND_SNA,RE_WY,1
UTL_SO,UTL_SRE,1
UTL_SO,UTL_WEC,1
UTL_SO,UTL_XEL,1
RE_SPG,FIN_TROW,1
RE_SPG,IND_TXT,1
RE_SPG,FIN_TFC,1
RE_SPG,RE_UDR,1
RE_SPG,FIN_USB,1
RE_SPG,RE_VTR,1
RE_SPG,RE_WELL,1
RE_SPG,FIN_WFC,1
RE_SPG,RE_WY,1
FIN_SPGI,FIN_TROW,1
UTL_SRE,UTL_WEC,1
UTL_SRE,UTL_XEL,1
IND_SWK,FIN_TROW,1
IND_SWK,IND_TT,1
IND_SWK,IND_TXT,1
IND_SWK,IND_GWW,1
IND_SWK,FIN_TFC,1
IND_SWK,IND_UNP,1
IND_SWK,FIN_USB,1
IND_SWK,MAT_VMC,1
IND_SWK,RE_WY,1
IT_SWKS,IT_TER,1
IT_SWKS,IT_TXN,1
IT_TER,IT_TXN,1
CST_TGT,CST_WMT,1
FIN_TROW,IND_TT,1
FIN_TROW,IND_TXT,1
FIN_TROW,CS_DIS,1
FIN_TROW,IND_GWW,1
FIN_TROW,FIN_TFC,1
FIN_TROW,FIN_TRV,1
FIN_TROW,RE_UDR,1
FIN_TROW,IND_UNP,1
FIN_TROW,IND_UPS,1
FIN_TROW,FIN_USB,1
FIN_TROW,FIN_WFC,1
FIN_TROW,RE_WY,1
IND_TT,IND_TXT,1
IND_TT,IND_GWW,1
IND_TT,IND_UNP,1
IND_TT,MAT_VMC,1
IND_TT,RE_WY,1
IND_TXT,FIN_TFC,1
IND_TXT,FIN_USB,1
IND_TXT,FIN_WFC,1
IND_TXT,RE_WY,1
FIN_TFC,FIN_TRV,1
FIN_TFC,RE_UDR,1
FIN_TFC,IND_UNP,1
FIN_TFC,FIN_USB,1
FIN_TFC,FIN_WFC,1
FIN_TFC,RE_WY,1
FIN_TRV,FIN_USB,1
FIN_TRV,FIN_WFC,1
FIN_TRV,FIN_WRB,1
RE_UDR,FIN_USB,1
RE_UDR,RE_VTR,1
RE_UDR,RE_WELL,1
RE_UDR,FIN_WFC,1
RE_UDR,RE_WY,1
IND_UNP,IND_UPS,1
IND_UNP,RE_WY,1
FIN_USB,FIN_WFC,1
FIN_USB,RE_WY,1
MAT_VMC,RE_WY,1
RE_VTR,RE_WELL,1
UTL_WEC,UTL_XEL,1
RE_WELL,RE_WY,1
FIN_WFC,RE_WY,1
